-- phpMyAdmin SQL Dump
-- version 4.0.10deb1
-- http://www.phpmyadmin.net
--
-- Host: localhost
-- Generation Time: Jul 30, 2015 at 09:45 PM
-- Server version: 5.5.43-0ubuntu0.14.04.1
-- PHP Version: 5.5.9-1ubuntu4.9

SET SQL_MODE = "NO_AUTO_VALUE_ON_ZERO";
SET time_zone = "+00:00";


/*!40101 SET @OLD_CHARACTER_SET_CLIENT=@@CHARACTER_SET_CLIENT */;
/*!40101 SET @OLD_CHARACTER_SET_RESULTS=@@CHARACTER_SET_RESULTS */;
/*!40101 SET @OLD_COLLATION_CONNECTION=@@COLLATION_CONNECTION */;
/*!40101 SET NAMES utf8 */;

--
-- Database: `inventory_clone`
--

-- --------------------------------------------------------

--
-- Table structure for table `app_setting`
--

CREATE TABLE IF NOT EXISTS `app_setting` (
  `id` int(10) unsigned NOT NULL AUTO_INCREMENT,
  `created_at` timestamp NOT NULL DEFAULT '0000-00-00 00:00:00',
  `updated_at` timestamp NOT NULL DEFAULT '0000-00-00 00:00:00',
  `option_name` varchar(255) COLLATE utf8_unicode_ci NOT NULL,
  `option_value` varchar(255) COLLATE utf8_unicode_ci NOT NULL,
  PRIMARY KEY (`id`)
) ENGINE=InnoDB  DEFAULT CHARSET=utf8 COLLATE=utf8_unicode_ci AUTO_INCREMENT=14 ;

--
-- Dumping data for table `app_setting`
--

INSERT INTO `app_setting` (`id`, `created_at`, `updated_at`, `option_name`, `option_value`) VALUES
(1, '0000-00-00 00:00:00', '0000-00-00 00:00:00', 'app_name', '<b>WMS</b> PLUS'),
(2, '0000-00-00 00:00:00', '0000-00-00 00:00:00', 'short_app_name', 'WMS'),
(3, '0000-00-00 00:00:00', '0000-00-00 00:00:00', 'parent_inventory_id', 'no'),
(4, '0000-00-00 00:00:00', '0000-00-00 00:00:00', 'app_name', ' http://asas.png'),
(5, '0000-00-00 00:00:00', '0000-00-00 00:00:00', 'logo', 'http://sgc.co.il/logo.png'),
(6, '0000-00-00 00:00:00', '0000-00-00 00:00:00', 'assembly', 'kit'),
(7, '0000-00-00 00:00:00', '0000-00-00 00:00:00', 'assemblies', 'kits'),
(8, '0000-00-00 00:00:00', '0000-00-00 00:00:00', 'part', 'unit'),
(9, '0000-00-00 00:00:00', '0000-00-00 00:00:00', 'parts', 'units'),
(10, '0000-00-00 00:00:00', '0000-00-00 00:00:00', 'timezone', 'Asia/Jerusalem'),
(11, '0000-00-00 00:00:00', '0000-00-00 00:00:00', 'fieldable_type', 'Users'),
(12, '0000-00-00 00:00:00', '0000-00-00 00:00:00', 'fieldable_type', 'InventoryStock'),
(13, '0000-00-00 00:00:00', '0000-00-00 00:00:00', 'fieldable_type', 'Location');

-- --------------------------------------------------------

--
-- Table structure for table `categories`
--

CREATE TABLE IF NOT EXISTS `categories` (
  `id` int(10) unsigned NOT NULL AUTO_INCREMENT,
  `created_at` timestamp NOT NULL DEFAULT '0000-00-00 00:00:00',
  `updated_at` timestamp NOT NULL DEFAULT '0000-00-00 00:00:00',
  `parent_id` int(11) DEFAULT NULL,
  `lft` int(11) DEFAULT NULL,
  `rgt` int(11) DEFAULT NULL,
  `depth` int(11) DEFAULT NULL,
  `name` varchar(255) COLLATE utf8_unicode_ci NOT NULL,
  `belongs_to` varchar(255) COLLATE utf8_unicode_ci DEFAULT NULL,
  PRIMARY KEY (`id`),
  KEY `categories_parent_id_index` (`parent_id`),
  KEY `categories_lft_index` (`lft`),
  KEY `categories_rgt_index` (`rgt`)
) ENGINE=InnoDB  DEFAULT CHARSET=utf8 COLLATE=utf8_unicode_ci AUTO_INCREMENT=2 ;

--
-- Dumping data for table `categories`
--

INSERT INTO `categories` (`id`, `created_at`, `updated_at`, `parent_id`, `lft`, `rgt`, `depth`, `name`, `belongs_to`) VALUES
(1, '0000-00-00 00:00:00', '0000-00-00 00:00:00', NULL, NULL, NULL, NULL, 'no category', NULL);

-- --------------------------------------------------------

--
-- Table structure for table `copouns`
--

CREATE TABLE IF NOT EXISTS `copouns` (
  `id` int(11) NOT NULL AUTO_INCREMENT,
  `name` varchar(255) NOT NULL,
  `exp_date` date NOT NULL,
  `used_limit` int(1) NOT NULL,
  `amount_usd` float(10,2) NOT NULL,
  `amount_nis` double NOT NULL,
  `package` varchar(255) NOT NULL,
  `updated_at` date NOT NULL,
  `created_at` date NOT NULL,
  PRIMARY KEY (`id`)
) ENGINE=InnoDB  DEFAULT CHARSET=utf8 AUTO_INCREMENT=18 ;

--
-- Dumping data for table `copouns`
--

INSERT INTO `copouns` (`id`, `name`, `exp_date`, `used_limit`, `amount_usd`, `amount_nis`, `package`, `updated_at`, `created_at`) VALUES
(1, 'coupon', '2015-07-24', 5, 5.00, 5, 'package-3', '2015-07-28', '2015-07-25'),
(4, 'coupon3', '2015-07-29', 5, 15.00, 21, 'package-1', '2015-07-28', '2015-07-27'),
(5, 'test coupon', '2015-07-29', 5, 15.00, 21, 'package-1', '2015-07-28', '2015-07-27'),
(6, 'sadas', '2015-07-16', 5, 22.00, 15, '1', '2015-07-28', '2015-07-28'),
(7, 'test', '2015-07-28', 5, 15.00, 21, 'package-1', '2015-07-28', '2015-07-28'),
(8, 'kundan', '2015-07-14', 5, 15.00, 21, 'package', '2015-07-28', '2015-07-28'),
(9, 'kundan', '2015-07-31', 5, 15.00, 21, 'package', '2015-07-28', '2015-07-28'),
(10, 'kundan', '2015-07-31', 5, 15.00, 21, 'package-1', '2015-07-28', '2015-07-28'),
(11, 'amit new test', '2015-07-28', 5, 5.00, 5, 'package-3', '2015-07-28', '2015-07-28'),
(12, 'new tes coupon', '2015-07-30', 5, 5.00, 20, 'package-1', '2015-07-29', '2015-07-29'),
(13, 'new', '2015-07-31', 5, 10.00, 21, 'package-1', '2015-07-29', '2015-07-29'),
(14, 'nis coupn', '2015-07-29', 1, 5.00, 10, 'package-3', '2015-07-29', '2015-07-29'),
(15, 'kundan2', '2015-07-23', 5, 15.00, 21, 'package-1', '2015-07-29', '2015-07-29'),
(16, 'kundan2', '2015-07-23', 5, 50.00, 21, 'package-1', '2015-07-29', '2015-07-29'),
(17, 'ccc', '2015-07-30', 5, 20.00, 5, 'package-1', '2015-07-30', '2015-07-30');

-- --------------------------------------------------------

--
-- Table structure for table `copoun_codes`
--

CREATE TABLE IF NOT EXISTS `copoun_codes` (
  `id` int(11) NOT NULL AUTO_INCREMENT,
  `copoun_id` int(11) NOT NULL,
  `code` varchar(6) NOT NULL,
  `created_at` timestamp NULL DEFAULT NULL,
  `updated_at` timestamp NULL DEFAULT CURRENT_TIMESTAMP,
  PRIMARY KEY (`id`),
  KEY `copoun` (`copoun_id`)
) ENGINE=InnoDB  DEFAULT CHARSET=utf8 AUTO_INCREMENT=38990 ;

--
-- Dumping data for table `copoun_codes`
--

INSERT INTO `copoun_codes` (`id`, `copoun_id`, `code`, `created_at`, `updated_at`) VALUES
(1, 1, 'abc', NULL, NULL),
(38972, 12, 'FM64ED', '2015-07-29 10:33:10', '2015-07-29 10:33:10'),
(38973, 12, 'SYQ46Z', '2015-07-29 10:33:10', '2015-07-29 10:33:10'),
(38974, 12, 'EEQV22', '2015-07-29 10:33:10', '2015-07-29 10:33:10'),
(38975, 12, 'J7SP4L', '2015-07-29 10:33:10', '2015-07-29 10:33:10'),
(38976, 12, 'UU7AQE', '2015-07-29 10:33:10', '2015-07-29 10:33:10'),
(38977, 13, 'JEFQ7I', '2015-07-29 12:13:41', '2015-07-29 12:13:41'),
(38978, 13, '9BXUZG', '2015-07-29 12:13:42', '2015-07-29 12:13:42'),
(38979, 13, '2IHQJY', '2015-07-29 12:13:42', '2015-07-29 12:13:42'),
(38980, 13, 'TTHVDB', '2015-07-29 12:13:42', '2015-07-29 12:13:42'),
(38981, 13, '0GVJVB', '2015-07-29 12:13:42', '2015-07-29 12:13:42'),
(38982, 14, 'ESEPLM', '2015-07-29 14:41:41', '2015-07-29 14:41:41'),
(38983, 14, 'NL7S1R', '2015-07-29 14:41:41', '2015-07-29 14:41:41'),
(38984, 16, 'FNM9MP', '2015-07-29 14:50:55', '2015-07-29 14:50:55'),
(38985, 17, 'KKLJEZ', '2015-07-30 07:43:53', '2015-07-30 07:43:53'),
(38986, 17, 'UIDKU3', '2015-07-30 07:43:53', '2015-07-30 07:43:53'),
(38987, 17, '1S79N5', '2015-07-30 07:43:53', '2015-07-30 07:43:53'),
(38988, 17, 'IHXPV8', '2015-07-30 07:43:53', '2015-07-30 07:43:53'),
(38989, 17, 'LI1WSN', '2015-07-30 07:43:53', '2015-07-30 07:43:53');

-- --------------------------------------------------------

--
-- Table structure for table `custom_fields`
--

CREATE TABLE IF NOT EXISTS `custom_fields` (
  `id` int(11) NOT NULL AUTO_INCREMENT,
  `fieldable` text NOT NULL,
  `field_name` text NOT NULL,
  `field_type` text NOT NULL,
  `field_value` text NOT NULL,
  `field_placeholder` text NOT NULL,
  `field_rules` text NOT NULL,
  `created_at` timestamp NULL DEFAULT NULL,
  `updated_at` timestamp NULL DEFAULT CURRENT_TIMESTAMP,
  `deleted_at` timestamp NULL DEFAULT NULL,
  PRIMARY KEY (`id`)
) ENGINE=InnoDB  DEFAULT CHARSET=latin1 AUTO_INCREMENT=25 ;

--
-- Dumping data for table `custom_fields`
--

INSERT INTO `custom_fields` (`id`, `fieldable`, `field_name`, `field_type`, `field_value`, `field_placeholder`, `field_rules`, `created_at`, `updated_at`, `deleted_at`) VALUES
(14, '11', 'country', 'select', 'india\r\nIsrael\r\n', 'country', 'required', '2015-07-21 15:10:32', '2015-07-22 10:54:20', NULL),
(15, '11', 'test', 'text', '', 'test', '', '2015-07-22 04:11:24', '2015-07-22 04:11:24', NULL),
(17, '11', 'Age', 'text', '', 'age', 'required', '2015-07-22 04:50:21', '2015-07-22 04:50:21', NULL),
(19, '11', 'new select', 'select', 'test 1\r\ntest 2\r\ntest 3', 'test', '', '2015-07-22 05:25:28', '2015-07-22 11:44:37', NULL),
(20, '11', 'new name', 'select', 'teste1\r\ntest2\r\ntest new\r\ntest 11', 'test', '', '2015-07-22 05:40:59', '2015-07-22 05:40:59', NULL),
(21, '13', 'spot name', 'text', '', 'location', '', '2015-07-22 07:29:27', '2015-07-22 10:51:34', NULL),
(23, '11', 'file name', 'file', '', 'filw', '', '2015-07-22 13:06:19', '2015-07-22 13:07:54', NULL),
(24, '11', 'check', 'checkbox', 'red\r\nwhite\r\nyello', '', '', '2015-07-22 15:38:09', '2015-07-22 15:38:09', NULL);

-- --------------------------------------------------------

--
-- Table structure for table `inventories`
--

CREATE TABLE IF NOT EXISTS `inventories` (
  `id` int(10) unsigned NOT NULL AUTO_INCREMENT,
  `parent_id` int(10) unsigned DEFAULT NULL,
  `created_at` timestamp NOT NULL DEFAULT '0000-00-00 00:00:00',
  `updated_at` timestamp NOT NULL DEFAULT '0000-00-00 00:00:00',
  `deleted_at` timestamp NULL DEFAULT NULL,
  `category_id` int(10) unsigned DEFAULT NULL,
  `user_id` int(10) unsigned DEFAULT NULL,
  `metric_id` int(10) unsigned NOT NULL,
  `part_number` varchar(255) COLLATE utf8_unicode_ci NOT NULL,
  `name` varchar(255) COLLATE utf8_unicode_ci NOT NULL,
  `description` text COLLATE utf8_unicode_ci,
  `is_assembly` tinyint(1) NOT NULL DEFAULT '0',
  `is_kit` tinyint(4) NOT NULL,
  `is_serialno` tinyint(4) NOT NULL,
  PRIMARY KEY (`id`),
  KEY `inventories_category_id_foreign` (`category_id`),
  KEY `inventories_metric_id_foreign` (`metric_id`),
  KEY `inventories_user_id_foreign` (`user_id`),
  KEY `inventories_parent_id_foreign` (`parent_id`)
) ENGINE=InnoDB  DEFAULT CHARSET=utf8 COLLATE=utf8_unicode_ci AUTO_INCREMENT=14 ;

--
-- Dumping data for table `inventories`
--

INSERT INTO `inventories` (`id`, `parent_id`, `created_at`, `updated_at`, `deleted_at`, `category_id`, `user_id`, `metric_id`, `part_number`, `name`, `description`, `is_assembly`, `is_kit`, `is_serialno`) VALUES
(1, NULL, '2015-07-20 05:11:19', '2015-07-20 05:11:19', NULL, 1, 1, 1, '', 'inventry_item1', 'DESC', 0, 0, 1),
(2, NULL, '2015-07-20 05:47:02', '2015-07-20 05:47:02', NULL, 1, 1, 1, '', 'Inventory_item1', 'desc', 0, 0, 1),
(3, NULL, '2015-07-20 06:26:54', '2015-07-20 06:26:54', NULL, 1, 1, 1, '123465', 'new inventory testing', 'desc', 0, 0, 1),
(4, NULL, '2015-07-20 06:28:50', '2015-07-20 06:28:50', NULL, 1, 1, 1, '132456', 'new inventory testing', 'desc', 0, 0, 1),
(5, NULL, '2015-07-20 06:29:19', '2015-07-20 06:29:19', NULL, 1, 1, 1, '123456', 'new 2 inventory', 'desc', 0, 0, 0),
(6, NULL, '2015-07-20 08:15:55', '2015-07-20 08:15:55', NULL, 1, 1, 1, 'fdsf', 'new 1', 'df', 0, 0, 0),
(7, NULL, '2015-07-20 09:52:38', '2015-07-20 09:52:38', NULL, 1, 1, 1, 'abcd', 'new test stock', 'abcd', 0, 0, 1),
(8, NULL, '2015-07-20 09:55:18', '2015-07-20 09:55:18', NULL, 1, 1, 1, 'tests', 'test1111', 'setset', 0, 0, 0),
(9, NULL, '2015-07-20 09:58:24', '2015-07-20 09:58:24', NULL, 1, 1, 1, 'tests', 'asaf', 'setset', 0, 0, 0),
(10, NULL, '2015-07-20 10:08:31', '2015-07-20 10:08:31', NULL, 1, 1, 1, 'test', 'test', 'test', 0, 0, 0),
(11, NULL, '2015-07-20 11:07:37', '2015-07-20 11:07:37', NULL, 1, 1, 1, '1231', 'new', '132', 0, 0, 0),
(12, NULL, '2015-07-20 12:26:02', '2015-07-20 12:26:02', NULL, 1, 1, 1, '12345', 'again new test', 'desc', 0, 0, 0),
(13, NULL, '2015-07-22 07:59:33', '2015-07-22 07:59:33', NULL, 1, 1, 1, '123456', 'kit inventory', 'desc', 1, 0, 1);

-- --------------------------------------------------------

--
-- Table structure for table `inventory_assemblies`
--

CREATE TABLE IF NOT EXISTS `inventory_assemblies` (
  `id` int(10) unsigned NOT NULL AUTO_INCREMENT,
  `created_at` timestamp NOT NULL DEFAULT '0000-00-00 00:00:00',
  `updated_at` timestamp NOT NULL DEFAULT '0000-00-00 00:00:00',
  `inventory_id` int(10) unsigned NOT NULL,
  `part_id` int(10) unsigned NOT NULL,
  `quantity` int(11) DEFAULT NULL,
  PRIMARY KEY (`id`),
  KEY `inventory_assemblies_inventory_id_foreign` (`inventory_id`),
  KEY `inventory_assemblies_part_id_foreign` (`part_id`)
) ENGINE=InnoDB  DEFAULT CHARSET=utf8 COLLATE=utf8_unicode_ci AUTO_INCREMENT=3 ;

--
-- Dumping data for table `inventory_assemblies`
--

INSERT INTO `inventory_assemblies` (`id`, `created_at`, `updated_at`, `inventory_id`, `part_id`, `quantity`) VALUES
(1, '2015-07-22 07:59:33', '2015-07-22 07:59:33', 13, 7, 50),
(2, '2015-07-22 07:59:33', '2015-07-22 07:59:33', 13, 5, 50);

-- --------------------------------------------------------

--
-- Table structure for table `inventory_bulk_transaction`
--

CREATE TABLE IF NOT EXISTS `inventory_bulk_transaction` (
  `id` int(10) unsigned NOT NULL AUTO_INCREMENT,
  `created_at` timestamp NOT NULL DEFAULT '0000-00-00 00:00:00',
  `updated_at` timestamp NOT NULL DEFAULT '0000-00-00 00:00:00',
  `bulk_id` varchar(255) COLLATE utf8_unicode_ci NOT NULL,
  `bulk_comment` varchar(255) COLLATE utf8_unicode_ci NOT NULL,
  `transaction_id` int(10) unsigned NOT NULL,
  PRIMARY KEY (`id`),
  KEY `inventory_bulk_transaction_transaction_id_foreign` (`transaction_id`)
) ENGINE=InnoDB DEFAULT CHARSET=utf8 COLLATE=utf8_unicode_ci AUTO_INCREMENT=1 ;

-- --------------------------------------------------------

--
-- Table structure for table `inventory_kits`
--

CREATE TABLE IF NOT EXISTS `inventory_kits` (
  `id` int(11) NOT NULL AUTO_INCREMENT,
  `kit_id` int(11) NOT NULL,
  `stock_id` int(11) NOT NULL,
  `quantity` int(11) NOT NULL,
  `created_at` timestamp NOT NULL DEFAULT CURRENT_TIMESTAMP ON UPDATE CURRENT_TIMESTAMP,
  `updated_at` timestamp NOT NULL DEFAULT '0000-00-00 00:00:00',
  PRIMARY KEY (`id`)
) ENGINE=InnoDB DEFAULT CHARSET=utf8 AUTO_INCREMENT=1 ;

-- --------------------------------------------------------

--
-- Table structure for table `inventory_move_location`
--

CREATE TABLE IF NOT EXISTS `inventory_move_location` (
  `id` int(10) unsigned NOT NULL AUTO_INCREMENT,
  `created_at` timestamp NOT NULL DEFAULT '0000-00-00 00:00:00',
  `updated_at` timestamp NOT NULL DEFAULT '0000-00-00 00:00:00',
  `bulk_id` varchar(255) COLLATE utf8_unicode_ci NOT NULL,
  `stock_id` int(10) unsigned NOT NULL,
  `user_id` int(10) unsigned DEFAULT NULL,
  `old_location` int(11) NOT NULL,
  `new_location` int(11) NOT NULL,
  `observaciones` varchar(255) COLLATE utf8_unicode_ci NOT NULL,
  `no_of_boxes` varchar(255) COLLATE utf8_unicode_ci NOT NULL,
  `weight_of_shipment` varchar(255) COLLATE utf8_unicode_ci NOT NULL,
  `comment` text COLLATE utf8_unicode_ci NOT NULL,
  `comment_all` text COLLATE utf8_unicode_ci NOT NULL,
  PRIMARY KEY (`id`),
  KEY `inventory_move_location_stock_id_foreign` (`stock_id`),
  KEY `inventory_move_location_user_id_foreign` (`user_id`)
) ENGINE=InnoDB  DEFAULT CHARSET=utf8 COLLATE=utf8_unicode_ci AUTO_INCREMENT=249 ;

--
-- Dumping data for table `inventory_move_location`
--

INSERT INTO `inventory_move_location` (`id`, `created_at`, `updated_at`, `bulk_id`, `stock_id`, `user_id`, `old_location`, `new_location`, `observaciones`, `no_of_boxes`, `weight_of_shipment`, `comment`, `comment_all`) VALUES
(1, '2015-07-20 08:24:28', '2015-07-20 08:24:28', '1437389668-808', 8, 1, 2, 2, 'gfhg', '6', '6', '', 'gfhg'),
(2, '2015-07-20 08:25:24', '2015-07-20 08:25:24', '1437389724-251', 8, 1, 2, 2, 'gfhg', '6', '6', '', 'gfhg'),
(3, '2015-07-20 08:25:40', '2015-07-20 08:25:40', '1437389740-300', 8, 1, 2, 2, 'gfhg', '6', '6', '', 'gfhg'),
(4, '2015-07-20 08:26:30', '2015-07-20 08:26:30', '1437389790-915', 8, 1, 2, 2, 'gfhg', '6', '6', '', 'gfhg'),
(5, '2015-07-20 08:26:40', '2015-07-20 08:26:40', '1437389800-119', 8, 1, 2, 2, 'gfhg', '6', '6', '', 'gfhg'),
(6, '2015-07-20 08:26:58', '2015-07-20 08:26:58', '1437389818-44', 8, 1, 2, 2, 'gfhg', '6', '6', '', 'gfhg'),
(7, '2015-07-20 08:27:09', '2015-07-20 08:27:09', '1437389829-669', 8, 1, 2, 2, 'gfhg', '6', '6', '', 'gfhg'),
(8, '2015-07-20 08:27:10', '2015-07-20 08:27:10', '1437389830-390', 8, 1, 2, 2, 'gfhg', '6', '6', '', 'gfhg'),
(9, '2015-07-20 08:27:11', '2015-07-20 08:27:11', '1437389830-928', 8, 1, 2, 2, 'gfhg', '6', '6', '', 'gfhg'),
(10, '2015-07-20 08:27:27', '2015-07-20 08:27:27', '1437389847-221', 8, 1, 2, 2, 'gfhg', '6', '6', '', 'gfhg'),
(11, '2015-07-20 08:28:19', '2015-07-20 08:28:19', '1437389899-307', 8, 1, 2, 2, 'gfhg', '6', '6', '', 'gfhg'),
(12, '2015-07-20 08:28:20', '2015-07-20 08:28:20', '1437389900-473', 8, 1, 2, 2, 'gfhg', '6', '6', '', 'gfhg'),
(13, '2015-07-20 08:28:20', '2015-07-20 08:28:20', '1437389900-618', 8, 1, 2, 2, 'gfhg', '6', '6', '', 'gfhg'),
(14, '2015-07-20 08:28:21', '2015-07-20 08:28:21', '1437389901-441', 8, 1, 2, 2, 'gfhg', '6', '6', '', 'gfhg'),
(15, '2015-07-20 08:28:21', '2015-07-20 08:28:21', '1437389901-455', 8, 1, 2, 2, 'gfhg', '6', '6', '', 'gfhg'),
(16, '2015-07-20 08:29:20', '2015-07-20 08:29:20', '1437389960-648', 8, 1, 2, 2, 'gfhg', '6', '6', '', 'gfhg'),
(17, '2015-07-20 08:29:48', '2015-07-20 08:29:48', '1437389988-563', 8, 1, 2, 2, 'gfhg', '6', '6', '', 'gfhg'),
(18, '2015-07-20 08:29:56', '2015-07-20 08:29:56', '1437389996-522', 8, 1, 2, 2, 'gfhg', '6', '6', '', 'gfhg'),
(19, '2015-07-20 08:30:09', '2015-07-20 08:30:09', '1437390009-669', 8, 1, 2, 2, 'gfhg', '6', '6', '', 'gfhg'),
(20, '2015-07-20 08:32:30', '2015-07-20 08:32:30', '1437390150-92', 8, 1, 2, 2, 'gfhg', '6', '6', '', 'gfhg'),
(21, '2015-07-20 08:42:14', '2015-07-20 08:42:14', '1437390734-77', 8, 1, 2, 1, 'fdsf', '4', '44', 'fdf', 'fdsf'),
(22, '2015-07-20 08:42:44', '2015-07-20 08:42:44', '1437390764-891', 8, 1, 2, 1, 'fdsf', '4', '44', 'fdf', 'fdsf'),
(23, '2015-07-20 08:42:53', '2015-07-20 08:42:53', '1437390773-718', 8, 1, 2, 1, 'fdsf', '4', '44', 'fdf', 'fdsf'),
(24, '2015-07-20 08:43:51', '2015-07-20 08:43:51', '1437390831-268', 8, 1, 2, 1, 'fdsf', '4', '44', 'fdf', 'fdsf'),
(25, '2015-07-20 08:44:09', '2015-07-20 08:44:09', '1437390849-965', 8, 1, 2, 1, 'fdsf', '4', '44', 'fdf', 'fdsf'),
(26, '2015-07-20 08:44:10', '2015-07-20 08:44:10', '1437390850-813', 8, 1, 2, 1, 'fdsf', '4', '44', 'fdf', 'fdsf'),
(27, '2015-07-20 08:44:10', '2015-07-20 08:44:10', '1437390850-186', 8, 1, 2, 1, 'fdsf', '4', '44', 'fdf', 'fdsf'),
(28, '2015-07-20 08:44:10', '2015-07-20 08:44:10', '1437390850-856', 8, 1, 2, 1, 'fdsf', '4', '44', 'fdf', 'fdsf'),
(29, '2015-07-20 08:45:40', '2015-07-20 08:45:40', '1437390940-748', 8, 1, 2, 1, 'fdsf', '4', '44', 'fdf', 'fdsf'),
(30, '2015-07-20 08:45:50', '2015-07-20 08:45:50', '1437390950-786', 8, 1, 2, 1, 'fdsf', '4', '44', 'fdf', 'fdsf'),
(31, '2015-07-20 08:45:51', '2015-07-20 08:45:51', '1437390951-751', 8, 1, 2, 1, 'fdsf', '4', '44', 'fdf', 'fdsf'),
(32, '2015-07-20 08:46:04', '2015-07-20 08:46:04', '1437390964-952', 8, 1, 2, 1, 'fdsf', '4', '44', 'fdf', 'fdsf'),
(33, '2015-07-20 08:46:17', '2015-07-20 08:46:17', '1437390977-78', 8, 1, 2, 1, 'fdsf', '4', '44', 'fdf', 'fdsf'),
(34, '2015-07-20 08:46:31', '2015-07-20 08:46:31', '1437390991-107', 8, 1, 2, 1, 'fdsf', '4', '44', 'fdf', 'fdsf'),
(35, '2015-07-20 08:46:51', '2015-07-20 08:46:51', '1437391011-819', 8, 1, 2, 1, 'fdsf', '4', '44', 'fdf', 'fdsf'),
(36, '2015-07-20 08:47:07', '2015-07-20 08:47:07', '1437391027-834', 8, 1, 2, 1, 'fdsf', '4', '44', 'fdf', 'fdsf'),
(37, '2015-07-20 08:47:08', '2015-07-20 08:47:08', '1437391028-775', 8, 1, 2, 1, 'fdsf', '4', '44', 'fdf', 'fdsf'),
(38, '2015-07-20 08:47:19', '2015-07-20 08:47:19', '1437391039-642', 8, 1, 2, 1, 'fdsf', '4', '44', 'fdf', 'fdsf'),
(39, '2015-07-20 08:47:59', '2015-07-20 08:47:59', '1437391079-795', 8, 1, 2, 1, 'fdsf', '4', '44', 'fdf', 'fdsf'),
(40, '2015-07-20 08:50:26', '2015-07-20 08:50:26', '1437391226-531', 8, 1, 2, 1, 'fdsf', '4', '44', 'fdf', 'fdsf'),
(41, '2015-07-20 08:50:26', '2015-07-20 08:50:26', '1437391226-531', 2, 1, 1, 1, 'fdsf', '4', '44', 'dsf', 'fdsf'),
(42, '2015-07-20 08:50:26', '2015-07-20 08:50:26', '1437391226-531', 5, 1, 2, 1, 'fdsf', '4', '44', 'df', 'fdsf'),
(43, '2015-07-20 08:51:25', '2015-07-20 08:51:25', '1437391285-203', 8, 1, 1, 2, '4', '4', '4', 'c1', '4'),
(44, '2015-07-20 08:52:54', '2015-07-20 08:52:54', '1437391374-269', 8, 1, 2, 1, 'fgh', '4', '4', '', 'fgh'),
(45, '2015-07-20 08:52:54', '2015-07-20 08:52:54', '1437391374-269', 2, 1, 1, 1, 'fgh', '4', '4', '', 'fgh'),
(46, '2015-07-20 08:54:55', '2015-07-20 08:54:55', '1437391495-832', 8, 1, 1, 2, 'kundan', '5', '5', '', 'kundan'),
(47, '2015-07-20 08:55:48', '2015-07-20 08:55:48', '1437391548-425', 8, 1, 1, 2, 'kundan', '5', '5', '', 'kundan'),
(48, '2015-07-20 08:56:19', '2015-07-20 08:56:19', '1437391578-498', 8, 1, 1, 2, 'kundan', '5', '5', '', 'kundan'),
(49, '2015-07-20 08:56:29', '2015-07-20 08:56:29', '1437391589-168', 8, 1, 1, 2, 'kundan', '5', '5', '', 'kundan'),
(50, '2015-07-20 08:57:04', '2015-07-20 08:57:04', '1437391624-742', 8, 1, 1, 2, 'kundan', '5', '5', '', 'kundan'),
(51, '2015-07-20 08:57:19', '2015-07-20 08:57:19', '1437391639-466', 8, 1, 1, 2, 'kundan', '5', '5', '', 'kundan'),
(52, '2015-07-20 08:57:39', '2015-07-20 08:57:39', '1437391659-814', 8, 1, 1, 2, 'kundan', '5', '5', '', 'kundan'),
(53, '2015-07-20 08:59:15', '2015-07-20 08:59:15', '1437391755-199', 8, 1, 2, 2, 'kundan', '5', '5', '', 'kundan'),
(54, '2015-07-20 09:00:12', '2015-07-20 09:00:12', '1437391812-558', 8, 1, 2, 2, 'kundan', '5', '5', '', 'kundan'),
(55, '2015-07-20 09:00:28', '2015-07-20 09:00:28', '1437391828-512', 8, 1, 2, 2, 'kundan', '5', '5', '', 'kundan'),
(56, '2015-07-20 09:00:51', '2015-07-20 09:00:51', '1437391851-48', 8, 1, 2, 2, 'kundan', '5', '5', '', 'kundan'),
(57, '2015-07-20 09:00:58', '2015-07-20 09:00:58', '1437391858-432', 8, 1, 2, 2, 'kundan', '5', '5', '', 'kundan'),
(58, '2015-07-20 09:00:58', '2015-07-20 09:00:58', '1437391858-633', 8, 1, 2, 2, 'kundan', '5', '5', '', 'kundan'),
(59, '2015-07-20 09:05:00', '2015-07-20 09:05:00', '1437392100-911', 8, 1, 2, 2, 'kundan', '5', '5', '', 'kundan'),
(60, '2015-07-20 09:05:02', '2015-07-20 09:05:02', '1437392102-707', 8, 1, 2, 2, 'kundan', '5', '5', '', 'kundan'),
(61, '2015-07-20 09:05:02', '2015-07-20 09:05:02', '1437392102-41', 8, 1, 2, 2, 'kundan', '5', '5', '', 'kundan'),
(62, '2015-07-20 09:05:17', '2015-07-20 09:05:17', '1437392117-176', 8, 1, 2, 2, 'kundan', '5', '5', '', 'kundan'),
(63, '2015-07-20 09:05:37', '2015-07-20 09:05:37', '1437392137-444', 8, 1, 2, 2, 'kundan', '5', '5', '', 'kundan'),
(64, '2015-07-20 09:05:58', '2015-07-20 09:05:58', '1437392158-379', 8, 1, 2, 2, 'kundan', '5', '5', '', 'kundan'),
(65, '2015-07-20 09:09:00', '2015-07-20 09:09:00', '1437392340-871', 8, 1, 2, 2, 'kundan', '5', '5', '', 'kundan'),
(66, '2015-07-20 09:09:30', '2015-07-20 09:09:30', '1437392370-500', 8, 1, 2, 2, 'kundan', '5', '5', '', 'kundan'),
(67, '2015-07-20 09:09:43', '2015-07-20 09:09:43', '1437392383-456', 8, 1, 2, 2, 'kundan', '5', '5', '', 'kundan'),
(68, '2015-07-20 09:10:18', '2015-07-20 09:10:18', '1437392418-842', 8, 1, 2, 2, '5', '5', '5', '', '5'),
(69, '2015-07-20 09:11:39', '2015-07-20 09:11:39', '1437392499-634', 9, 1, 1, 2, 'fgdf', '4', '4', 'fgdg', 'fgdf'),
(70, '2015-07-20 09:11:50', '2015-07-20 09:11:50', '1437392510-925', 9, 1, 1, 2, 'fgdf', '4', '4', 'fgdg', 'fgdf'),
(71, '2015-07-20 09:12:38', '2015-07-20 09:12:38', '1437392558-615', 9, 1, 1, 2, 'fgdf', '4', '4', 'fgdg', 'fgdf'),
(72, '2015-07-20 09:12:46', '2015-07-20 09:12:46', '1437392566-804', 9, 1, 1, 2, 'fgdf', '4', '4', 'fgdg', 'fgdf'),
(73, '2015-07-20 09:13:48', '2015-07-20 09:13:48', '1437392628-149', 9, 1, 1, 2, 'fgdf', '4', '4', 'fgdg', 'fgdf'),
(74, '2015-07-20 09:14:10', '2015-07-20 09:14:10', '1437392650-45', 9, 1, 1, 2, 'kundan', '5', '5', 'c1', 'kundan'),
(75, '2015-07-20 09:15:33', '2015-07-20 09:15:33', '1437392733-964', 9, 1, 1, 2, 'kundan', '5', '5', 'c1', 'kundan'),
(76, '2015-07-20 09:19:11', '2015-07-20 09:19:11', '1437392951-106', 9, 1, 1, 2, 'dsad', '4', '54', '', 'dsad'),
(77, '2015-07-20 09:38:46', '2015-07-20 09:38:46', '1437394126-85', 9, 1, 1, 2, 'dfd', '12', '22', 'test', 'dfd'),
(78, '2015-07-20 09:42:39', '2015-07-20 09:42:39', '1437394359-62', 9, 1, 1, 2, 'dfd', '12', '22', 'test', 'dfd'),
(79, '2015-07-20 09:43:26', '2015-07-20 09:43:26', '1437394406-778', 8, 1, 2, 1, 'dfd', '1', '1', '', 'dfd'),
(80, '2015-07-20 09:46:03', '2015-07-20 09:46:03', '1437394563-905', 8, 1, 2, 1, 'blub54444444', '54', '54', '', 'blub54444444'),
(81, '2015-07-20 09:49:48', '2015-07-20 09:49:48', '1437394788-963', 8, 1, 2, 1, 'blub54444444', '54', '54', '', 'blub54444444'),
(82, '2015-07-20 09:51:41', '2015-07-20 09:51:41', '1437394901-177', 8, 1, 2, 1, 'blub54444444', '54', '54', '', 'blub54444444'),
(83, '2015-07-20 09:53:14', '2015-07-20 09:53:14', '1437394994-631', 10, 1, 2, 1, 'dfdf', '1', '12', 'test', 'dfdf'),
(84, '2015-07-20 09:54:48', '2015-07-20 09:54:48', '1437395088-412', 10, 1, 2, 1, 'dfdf', '1', '12', 'test', 'dfdf'),
(85, '2015-07-20 09:55:43', '2015-07-20 09:55:43', '1437395143-322', 11, 1, 1, 2, 'test', '1', '1', '23', 'test'),
(86, '2015-07-20 09:56:18', '2015-07-20 09:56:18', '1437395178-268', 11, 1, 1, 2, 'test', '1', '1', '23', 'test'),
(87, '2015-07-20 09:59:17', '2015-07-20 09:59:17', '1437395357-490', 12, 1, 1, 2, 'dsfds543', '534', '435', '', 'dsfds543'),
(88, '2015-07-20 10:06:40', '2015-07-20 10:06:40', '1437395800-861', 12, 1, 1, 2, 'dfdfdf', '1', '1', '', 'dfdfdf'),
(89, '2015-07-20 10:16:26', '2015-07-20 10:16:26', '1437396386-733', 12, 1, 1, 2, 'testlocation', '1', '1', 'test', 'testlocation'),
(90, '2015-07-20 10:18:05', '2015-07-20 10:18:05', '1437396485-264', 12, 1, 1, 2, 'testlocation', '1', '1', 'test', 'testlocation'),
(91, '2015-07-20 10:18:17', '2015-07-20 10:18:17', '1437396497-453', 12, 1, 1, 2, 'testlocation', '1', '1', 'test', 'testlocation'),
(92, '2015-07-20 10:18:20', '2015-07-20 10:18:20', '1437396500-770', 12, 1, 1, 2, 'testlocation', '1', '1', 'test', 'testlocation'),
(93, '2015-07-20 10:20:58', '2015-07-20 10:20:58', '1437396658-131', 14, 1, 2, 1, '1', '12', '1', 'dfd', '1'),
(94, '2015-07-20 10:22:05', '2015-07-20 10:22:05', '1437396725-430', 14, 1, 2, 1, 'efe', '1', '111', 'eerer', 'efe'),
(95, '2015-07-20 10:24:21', '2015-07-20 10:24:21', '1437396861-726', 14, 1, 2, 1, 'efe', '1', '111', 'eerer', 'efe'),
(96, '2015-07-20 10:26:17', '2015-07-20 10:26:17', '1437396977-927', 15, 1, 1, 2, 'test', '5', '5', 'c1', 'test'),
(97, '2015-07-20 10:29:57', '2015-07-20 10:29:57', '1437397197-433', 15, 1, 1, 2, 'kundan', '5', '5', 'c1', 'kundan'),
(98, '2015-07-20 10:38:09', '2015-07-20 10:38:09', '1437397689-736', 15, 1, 1, 2, 'metric2', '5', '5', 'kk', 'metric2'),
(99, '2015-07-20 10:42:17', '2015-07-20 10:42:17', '1437397937-157', 15, 1, 1, 2, 'metric2', '5', '5', '', 'metric2'),
(100, '2015-07-20 10:43:14', '2015-07-20 10:43:14', '1437397994-600', 15, 1, 1, 2, '6', '6', '6', '', '6'),
(101, '2015-07-20 10:43:14', '2015-07-20 10:43:14', '1437397994-600', 4, 1, 2, 2, '6', '6', '6', '', '6'),
(102, '2015-07-20 10:46:24', '2015-07-20 10:46:24', '1437398184-681', 15, 1, 1, 2, '6', '6', '6', '', '6'),
(103, '2015-07-20 10:46:24', '2015-07-20 10:46:24', '1437398184-681', 4, 1, 2, 2, '6', '6', '6', '', '6'),
(104, '2015-07-20 10:46:35', '2015-07-20 10:46:35', '1437398195-637', 15, 1, 1, 2, '6', '6', '6', '', '6'),
(105, '2015-07-20 10:46:35', '2015-07-20 10:46:35', '1437398195-637', 4, 1, 2, 2, '6', '6', '6', '', '6'),
(106, '2015-07-20 10:46:57', '2015-07-20 10:46:57', '1437398217-643', 15, 1, 1, 2, '6', '6', '6', '', '6'),
(107, '2015-07-20 10:46:57', '2015-07-20 10:46:57', '1437398217-643', 4, 1, 2, 2, '6', '6', '6', '', '6'),
(108, '2015-07-20 10:47:53', '2015-07-20 10:47:53', '1437398273-890', 15, 1, 1, 2, 'kundan', '5', '5', '', 'kundan'),
(109, '2015-07-20 10:47:53', '2015-07-20 10:47:53', '1437398273-890', 5, 1, 1, 2, 'kundan', '5', '5', '', 'kundan'),
(110, '2015-07-20 10:47:53', '2015-07-20 10:47:53', '1437398273-890', 14, 1, 2, 2, 'kundan', '5', '5', '', 'kundan'),
(111, '2015-07-20 10:49:55', '2015-07-20 10:49:55', '1437398395-917', 15, 1, 1, 2, 'kundan', '5', '5', '', 'kundan'),
(112, '2015-07-20 10:50:07', '2015-07-20 10:50:07', '1437398407-100', 15, 1, 1, 2, 'kundan', '5', '5', '', 'kundan'),
(113, '2015-07-20 10:51:41', '2015-07-20 10:51:41', '1437398501-929', 15, 1, 1, 2, 'kundan', '5', '5', '', 'kundan'),
(114, '2015-07-20 10:52:13', '2015-07-20 10:52:13', '1437398533-202', 15, 1, 1, 2, 'kundan', '5', '5', '', 'kundan'),
(115, '2015-07-20 10:54:19', '2015-07-20 10:54:19', '1437398659-814', 15, 1, 1, 2, 'kundan', '5', '5', '', 'kundan'),
(116, '2015-07-20 10:54:48', '2015-07-20 10:54:48', '1437398688-650', 15, 1, 1, 2, 'kundan', '5', '5', '', 'kundan'),
(117, '2015-07-20 10:55:10', '2015-07-20 10:55:10', '1437398710-889', 15, 1, 1, 2, 'kundan', '5', '5', '', 'kundan'),
(118, '2015-07-20 10:55:10', '2015-07-20 10:55:10', '1437398710-889', 5, 1, 1, 2, 'kundan', '5', '5', '', 'kundan'),
(119, '2015-07-20 10:55:30', '2015-07-20 10:55:30', '1437398730-210', 15, 1, 1, 2, 'kundan', '5', '5', '', 'kundan'),
(120, '2015-07-20 10:55:30', '2015-07-20 10:55:30', '1437398730-210', 5, 1, 1, 2, 'kundan', '5', '5', '', 'kundan'),
(121, '2015-07-20 10:56:18', '2015-07-20 10:56:18', '1437398778-204', 15, 1, 1, 2, 'kundan', '5', '5', '', 'kundan'),
(122, '2015-07-20 10:58:17', '2015-07-20 10:58:17', '1437398897-673', 15, 1, 1, 2, 'kundan', '5', '5', '', 'kundan'),
(123, '2015-07-20 11:01:21', '2015-07-20 11:01:21', '1437399081-415', 15, 1, 1, 2, 'kundan', '5', '5', '', 'kundan'),
(124, '2015-07-20 11:01:37', '2015-07-20 11:01:37', '1437399097-595', 15, 1, 1, 2, 'kundan', '5', '5', '', 'kundan'),
(125, '2015-07-20 11:02:56', '2015-07-20 11:02:56', '1437399176-345', 15, 1, 1, 2, 'kundan', '5', '5', '', 'kundan'),
(126, '2015-07-20 11:03:21', '2015-07-20 11:03:21', '1437399201-426', 15, 1, 1, 2, 'kundan', '5', '5', '', 'kundan'),
(127, '2015-07-20 11:06:35', '2015-07-20 11:06:35', '1437399395-695', 15, 1, 1, 2, 'kundan', '5', '5', '', 'kundan'),
(128, '2015-07-20 11:06:35', '2015-07-20 11:06:35', '1437399395-695', 5, 1, 1, 2, 'kundan', '5', '5', '', 'kundan'),
(129, '2015-07-20 11:07:01', '2015-07-20 11:07:01', '1437399421-990', 15, 1, 1, 2, 'sd', '1', '1', '', 'sd'),
(130, '2015-07-20 11:07:01', '2015-07-20 11:07:01', '1437399421-990', 5, 1, 1, 2, 'sd', '1', '1', '', 'sd'),
(131, '2015-07-20 11:07:01', '2015-07-20 11:07:01', '1437399421-990', 14, 1, 2, 2, 'sd', '1', '1', '', 'sd'),
(132, '2015-07-20 11:07:14', '2015-07-20 11:07:14', '1437399434-507', 15, 1, 1, 2, 'sd', '1', '1', '', 'sd'),
(133, '2015-07-20 11:07:14', '2015-07-20 11:07:14', '1437399434-507', 5, 1, 1, 2, 'sd', '1', '1', '', 'sd'),
(134, '2015-07-20 11:07:14', '2015-07-20 11:07:14', '1437399434-507', 14, 1, 2, 2, 'sd', '1', '1', '', 'sd'),
(135, '2015-07-20 11:08:12', '2015-07-20 11:08:12', '1437399492-12', 16, 1, 1, 2, 'kundan', '5', '5', '', 'kundan'),
(136, '2015-07-20 11:08:12', '2015-07-20 11:08:12', '1437399492-12', 6, 1, 1, 2, 'kundan', '5', '5', '', 'kundan'),
(137, '2015-07-20 11:22:06', '2015-07-20 11:22:06', '1437400326-411', 12, 1, 2, 1, 'bvn', '12', '11', '', 'bvn'),
(138, '2015-07-20 11:23:06', '2015-07-20 11:23:06', '1437400386-123', 12, 1, 2, 1, 'bvn', '12', '11', '', 'bvn'),
(139, '2015-07-20 11:23:30', '2015-07-20 11:23:30', '1437400410-64', 12, 1, 2, 1, 'bvn', '12', '11', '', 'bvn'),
(140, '2015-07-20 11:23:55', '2015-07-20 11:23:55', '1437400435-800', 12, 1, 2, 1, 'bvn', '12', '11', '', 'bvn'),
(141, '2015-07-20 11:24:07', '2015-07-20 11:24:07', '1437400447-109', 12, 1, 2, 1, 'bvn', '12', '11', '', 'bvn'),
(142, '2015-07-20 11:24:41', '2015-07-20 11:24:41', '1437400481-390', 12, 1, 2, 1, '1', '1', '111', '', '1'),
(143, '2015-07-20 11:24:55', '2015-07-20 11:24:55', '1437400495-512', 12, 1, 2, 1, '1', '1', '111', '', '1'),
(144, '2015-07-20 11:25:23', '2015-07-20 11:25:23', '1437400523-874', 11, 1, 1, 2, 'fg', '1', '11', '', 'fg'),
(145, '2015-07-20 11:25:38', '2015-07-20 11:25:38', '1437400538-381', 11, 1, 1, 2, 'fg', '1', '11', '', 'fg'),
(146, '2015-07-20 11:25:41', '2015-07-20 11:25:41', '1437400541-930', 11, 1, 1, 2, 'fg', '1', '11', '', 'fg'),
(147, '2015-07-20 11:27:33', '2015-07-20 11:27:33', '1437400653-109', 14, 1, 2, 1, 'kljnjk', '1', '100', '', 'kljnjk'),
(148, '2015-07-20 11:30:41', '2015-07-20 11:30:41', '1437400841-22', 6, 1, 1, 2, 'test', '1', '11', '', 'test'),
(149, '2015-07-20 11:31:12', '2015-07-20 11:31:12', '1437400872-631', 6, 1, 1, 2, 'test', '1', '11', '', 'test'),
(150, '2015-07-20 11:31:41', '2015-07-20 11:31:41', '1437400901-539', 6, 1, 1, 2, 'test', '1', '11', '', 'test'),
(151, '2015-07-20 11:32:57', '2015-07-20 11:32:57', '1437400977-99', 4, 1, 2, 1, 'sds', '11', '11', '', 'sds'),
(152, '2015-07-20 11:36:08', '2015-07-20 11:36:08', '1437401168-511', 4, 1, 2, 1, 'fd', '1', '1', '', 'fd'),
(153, '2015-07-20 11:43:44', '2015-07-20 11:43:44', '1437401624-128', 2, 1, 1, 2, 'dfdd', '1', '11', '', 'dfdd'),
(154, '2015-07-20 11:48:38', '2015-07-20 11:48:38', '1437401918-716', 2, 1, 1, 2, 'dfdd', '1', '11', '', 'dfdd'),
(155, '2015-07-20 11:53:22', '2015-07-20 11:53:22', '1437402202-163', 2, 1, 1, 2, 'dfdd', '1', '11', '', 'dfdd'),
(156, '2015-07-20 11:54:25', '2015-07-20 11:54:25', '1437402265-202', 2, 1, 1, 2, 'dfdd', '1', '11', '', 'dfdd'),
(157, '2015-07-20 11:54:45', '2015-07-20 11:54:45', '1437402285-767', 4, 1, 2, 1, 'dfdf', '1', '1', '', 'dfdf'),
(158, '2015-07-20 11:55:09', '2015-07-20 11:55:09', '1437402309-258', 4, 1, 2, 1, 'dfdf', '1', '1', '', 'dfdf'),
(159, '2015-07-20 11:59:49', '2015-07-20 11:59:49', '1437402589-478', 11, 1, 1, 2, 'dfd', '1', '1', '', 'dfd'),
(160, '2015-07-20 12:02:22', '2015-07-20 12:02:22', '1437402742-830', 11, 1, 1, 2, 'dfd', '1', '1', '', 'dfd'),
(161, '2015-07-20 12:09:54', '2015-07-20 12:09:54', '1437403194-612', 11, 1, 1, 2, 'atest', '1', '1', '', 'atest'),
(162, '2015-07-20 12:11:06', '2015-07-20 12:11:06', '1437403266-918', 11, 1, 1, 2, 'fdf', '1', '1', '', 'fdf'),
(163, '2015-07-20 12:12:45', '2015-07-20 12:12:45', '1437403365-770', 11, 1, 1, 3, 'test', '1', '1', '', 'test'),
(164, '2015-07-20 12:13:22', '2015-07-20 12:13:22', '1437403402-841', 11, 1, 1, 3, 'test', '1', '1', '', 'test'),
(165, '2015-07-20 12:13:38', '2015-07-20 12:13:38', '1437403418-736', 11, 1, 1, 3, 'test', '1', '1', '', 'test'),
(166, '2015-07-20 12:16:27', '2015-07-20 12:16:27', '1437403587-207', 11, 1, 1, 3, 'test', '1', '1', '', 'test'),
(167, '2015-07-20 12:16:52', '2015-07-20 12:16:52', '1437403612-565', 11, 1, 1, 3, 'test', '1', '1', '', 'test'),
(168, '2015-07-20 12:18:02', '2015-07-20 12:18:02', '1437403682-361', 11, 1, 1, 3, 'test', '1', '1', '', 'test'),
(169, '2015-07-20 12:19:18', '2015-07-20 12:19:18', '1437403758-391', 11, 1, 1, 3, 'test', '1', '1', '', 'test'),
(170, '2015-07-20 12:20:14', '2015-07-20 12:20:14', '1437403814-949', 18, 1, 2, 3, '4', '4', '4', '', '4'),
(171, '2015-07-20 12:21:27', '2015-07-20 12:21:27', '1437403887-490', 18, 1, 2, 3, '4', '4', '4', '', '4'),
(172, '2015-07-20 12:21:28', '2015-07-20 12:21:28', '1437403888-189', 18, 1, 2, 3, '4', '4', '4', '', '4'),
(173, '2015-07-20 12:21:29', '2015-07-20 12:21:29', '1437403889-193', 18, 1, 2, 3, '4', '4', '4', '', '4'),
(174, '2015-07-20 12:21:30', '2015-07-20 12:21:30', '1437403890-231', 18, 1, 2, 3, '4', '4', '4', '', '4'),
(175, '2015-07-20 12:21:30', '2015-07-20 12:21:30', '1437403890-240', 18, 1, 2, 3, '4', '4', '4', '', '4'),
(176, '2015-07-20 12:21:31', '2015-07-20 12:21:31', '1437403891-959', 18, 1, 2, 3, '4', '4', '4', '', '4'),
(177, '2015-07-20 12:21:32', '2015-07-20 12:21:32', '1437403892-945', 18, 1, 2, 3, '4', '4', '4', '', '4'),
(178, '2015-07-20 12:21:32', '2015-07-20 12:21:32', '1437403892-280', 18, 1, 2, 3, '4', '4', '4', '', '4'),
(179, '2015-07-20 12:21:56', '2015-07-20 12:21:56', '1437403916-185', 18, 1, 2, 3, '4', '4', '4', '', '4'),
(180, '2015-07-20 12:22:08', '2015-07-20 12:22:08', '1437403928-833', 18, 1, 2, 3, '4', '4', '4', '', '4'),
(181, '2015-07-20 12:22:15', '2015-07-20 12:22:15', '1437403935-199', 18, 1, 2, 3, '4', '4', '4', '', '4'),
(182, '2015-07-20 12:22:32', '2015-07-20 12:22:32', '1437403952-438', 18, 1, 2, 3, '4', '4', '4', '', '4'),
(183, '2015-07-20 12:23:16', '2015-07-20 12:23:16', '1437403996-620', 18, 1, 2, 3, '4', '4', '4', '', '4'),
(184, '2015-07-20 12:23:49', '2015-07-20 12:23:49', '1437404029-423', 18, 1, 2, 3, '4', '4', '4', '', '4'),
(185, '2015-07-20 12:24:04', '2015-07-20 12:24:04', '1437404044-24', 18, 1, 2, 3, '4', '4', '4', '', '4'),
(186, '2015-07-20 12:24:52', '2015-07-20 12:24:52', '1437404092-588', 18, 1, 2, 3, '4', '4', '4', '', '4'),
(187, '2015-07-20 12:26:27', '2015-07-20 12:26:27', '1437404187-161', 19, 1, 1, 3, 'kundan', '5', '5', '', 'kundan'),
(188, '2015-07-20 12:28:09', '2015-07-20 12:28:09', '1437404289-419', 19, 1, 1, 3, 'kundan', '454', '45', '', 'kundan'),
(189, '2015-07-20 12:31:40', '2015-07-20 12:31:40', '1437404500-282', 19, 1, 1, 3, 'sdfdsf', '4', '4', '', 'sdfdsf'),
(190, '2015-07-20 12:32:09', '2015-07-20 12:32:09', '1437404529-903', 19, 1, 1, 3, 'sdfdsf', '4', '4', '', 'sdfdsf'),
(191, '2015-07-20 12:32:27', '2015-07-20 12:32:27', '1437404547-656', 19, 1, 1, 3, 'sdfdsf', '4', '4', '', 'sdfdsf'),
(192, '2015-07-20 12:32:31', '2015-07-20 12:32:31', '1437404551-699', 19, 1, 1, 3, 'sdfdsf', '4', '4', '', 'sdfdsf'),
(193, '2015-07-20 12:33:51', '2015-07-20 12:33:51', '1437404630-366', 19, 1, 1, 3, 'sdfdsf', '4', '4', '', 'sdfdsf'),
(194, '2015-07-20 12:43:02', '2015-07-20 12:43:02', '1437405182-416', 19, 1, 1, 3, 'sdfdsf', '4', '4', '', 'sdfdsf'),
(195, '2015-07-20 12:47:38', '2015-07-20 12:47:38', '1437405458-278', 19, 1, 1, 3, 'sdfdsf', '4', '4', '', 'sdfdsf'),
(196, '2015-07-20 12:48:19', '2015-07-20 12:48:19', '1437405499-464', 19, 1, 1, 3, 'sdfdsf', '4', '4', '', 'sdfdsf'),
(197, '2015-07-20 12:48:28', '2015-07-20 12:48:28', '1437405508-244', 19, 1, 1, 3, 'sdfdsf', '4', '4', '', 'sdfdsf'),
(198, '2015-07-20 12:49:04', '2015-07-20 12:49:04', '1437405544-386', 19, 1, 1, 3, 'sdfdsf', '4', '4', '', 'sdfdsf'),
(199, '2015-07-20 12:49:38', '2015-07-20 12:49:38', '1437405578-415', 19, 1, 1, 3, 'sdfdsf', '4', '4', '', 'sdfdsf'),
(200, '2015-07-20 12:53:19', '2015-07-20 12:53:19', '1437405799-572', 19, 1, 1, 3, 'sdfdsf', '4', '4', '', 'sdfdsf'),
(201, '2015-07-20 12:53:21', '2015-07-20 12:53:21', '1437405801-740', 19, 1, 1, 3, 'sdfdsf', '4', '4', '', 'sdfdsf'),
(202, '2015-07-20 12:53:22', '2015-07-20 12:53:22', '1437405802-23', 19, 1, 1, 3, 'sdfdsf', '4', '4', '', 'sdfdsf'),
(203, '2015-07-20 12:53:23', '2015-07-20 12:53:23', '1437405803-733', 19, 1, 1, 3, 'sdfdsf', '4', '4', '', 'sdfdsf'),
(204, '2015-07-20 12:53:24', '2015-07-20 12:53:24', '1437405804-663', 19, 1, 1, 3, 'sdfdsf', '4', '4', '', 'sdfdsf'),
(205, '2015-07-20 12:53:25', '2015-07-20 12:53:25', '1437405805-398', 19, 1, 1, 3, 'sdfdsf', '4', '4', '', 'sdfdsf'),
(206, '2015-07-20 12:53:27', '2015-07-20 12:53:27', '1437405807-658', 19, 1, 1, 3, 'sdfdsf', '4', '4', '', 'sdfdsf'),
(207, '2015-07-20 12:53:48', '2015-07-20 12:53:48', '1437405828-595', 19, 1, 1, 3, 'sdfdsf', '4', '4', '', 'sdfdsf'),
(208, '2015-07-20 13:09:55', '2015-07-20 13:09:55', '1437406795-818', 19, 1, 1, 2, 'we', '4', '4', '', 'we'),
(209, '2015-07-20 13:11:04', '2015-07-20 13:11:04', '1437406864-564', 19, 1, 1, 3, 'we', '4', '4', '', 'we'),
(210, '2015-07-20 13:11:35', '2015-07-20 13:11:35', '1437406895-875', 19, 1, 1, 3, '65', '6565', '6', '', '65'),
(211, '2015-07-23 07:40:18', '2015-07-23 07:40:18', '1437646218-858', 20, 1, 1, 5, '', '10', '5', 'main comment', ''),
(212, '2015-07-23 07:51:22', '2015-07-23 07:51:22', '1437646882-838', 20, 1, 1, 2, '', '34', '2', 'fdsfdsfdsfdsfdsf', ''),
(213, '2015-07-23 07:54:33', '2015-07-23 07:54:33', '1437647073-408', 20, 1, 1, 2, '', '34', '2', 'fdsfdsfdsfdsfdsf', ''),
(214, '2015-07-23 07:55:27', '2015-07-23 07:55:27', '1437647127-51', 20, 1, 1, 2, '', '34', '2', 'fdsfdsfdsfdsfdsf', ''),
(215, '2015-07-23 07:55:35', '2015-07-23 07:55:35', '1437647135-998', 20, 1, 1, 2, '', '333333333', '2', 'fdsfdsfdsfdsfdsf', ''),
(216, '2015-07-23 07:59:00', '2015-07-23 07:59:00', '1437647340-818', 20, 1, 1, 2, '', '333333333', '2', 'fdsfdsfdsfdsfdsf', ''),
(217, '2015-07-23 08:02:45', '2015-07-23 08:02:45', '1437647565-709', 20, 1, 1, 2, '', '333333333', '2', 'fdsfdsfdsfdsfdsf', ''),
(218, '2015-07-23 08:04:01', '2015-07-23 08:04:01', '1437647641-18', 20, 1, 1, 2, '', '333333333', '2', 'fdsfdsfdsfdsfdsf', ''),
(219, '2015-07-23 08:04:03', '2015-07-23 08:04:03', '1437647643-935', 20, 1, 1, 2, '', '333333333', '2', 'fdsfdsfdsfdsfdsf', ''),
(220, '2015-07-23 08:04:17', '2015-07-23 08:04:17', '1437647657-870', 20, 1, 1, 2, '', '333333333', '2', 'fdsfdsfdsfdsfdsf', ''),
(221, '2015-07-23 08:06:07', '2015-07-23 08:06:07', '1437647767-138', 20, 1, 1, 2, '', '333333333', '2', 'fdsfdsfdsfdsfdsf', ''),
(222, '2015-07-23 08:06:43', '2015-07-23 08:06:43', '1437647803-72', 20, 1, 1, 2, '', '333333333', '2', 'fdsfdsfdsfdsfdsf', ''),
(223, '2015-07-23 08:07:11', '2015-07-23 08:07:11', '1437647831-291', 20, 1, 1, 2, '', '333333333', '2', 'fdsfdsfdsfdsfdsf', ''),
(224, '2015-07-23 08:07:44', '2015-07-23 08:07:44', '1437647864-882', 20, 1, 1, 2, '', '333333333', '2', 'fdsfdsfdsfdsfdsf', ''),
(225, '2015-07-23 08:07:45', '2015-07-23 08:07:45', '1437647865-123', 20, 1, 1, 2, '', '333333333', '2', 'fdsfdsfdsfdsfdsf', ''),
(226, '2015-07-23 08:07:49', '2015-07-23 08:07:49', '1437647869-617', 20, 1, 1, 2, '', '333333333', '2', 'fdsfdsfdsfdsfdsf', ''),
(227, '2015-07-23 08:09:54', '2015-07-23 08:09:54', '1437647994-134', 20, 1, 1, 2, '', '333333333', '2', 'fdsfdsfdsfdsfdsf', ''),
(228, '2015-07-23 08:09:56', '2015-07-23 08:09:56', '1437647996-938', 20, 1, 1, 2, '', '333333333', '2', 'fdsfdsfdsfdsfdsf', ''),
(229, '2015-07-23 08:09:56', '2015-07-23 08:09:56', '1437647996-100', 20, 1, 1, 2, '', '333333333', '2', 'fdsfdsfdsfdsfdsf', ''),
(230, '2015-07-23 08:09:57', '2015-07-23 08:09:57', '1437647997-626', 20, 1, 1, 2, '', '333333333', '2', 'fdsfdsfdsfdsfdsf', ''),
(231, '2015-07-23 08:09:58', '2015-07-23 08:09:58', '1437647998-331', 20, 1, 1, 2, '', '333333333', '2', 'fdsfdsfdsfdsfdsf', ''),
(232, '2015-07-23 08:09:58', '2015-07-23 08:09:58', '1437647998-11', 20, 1, 1, 2, '', '333333333', '2', 'fdsfdsfdsfdsfdsf', ''),
(233, '2015-07-23 08:09:59', '2015-07-23 08:09:59', '1437647999-102', 20, 1, 1, 2, '', '333333333', '2', 'fdsfdsfdsfdsfdsf', ''),
(234, '2015-07-23 08:09:59', '2015-07-23 08:09:59', '1437647999-471', 20, 1, 1, 2, '', '333333333', '2', 'fdsfdsfdsfdsfdsf', ''),
(235, '2015-07-23 08:09:59', '2015-07-23 08:09:59', '1437647999-486', 20, 1, 1, 2, '', '333333333', '2', 'fdsfdsfdsfdsfdsf', ''),
(236, '2015-07-23 08:09:59', '2015-07-23 08:09:59', '1437647999-445', 20, 1, 1, 2, '', '333333333', '2', 'fdsfdsfdsfdsfdsf', ''),
(237, '2015-07-23 08:10:00', '2015-07-23 08:10:00', '1437648000-273', 20, 1, 1, 2, '', '333333333', '2', 'fdsfdsfdsfdsfdsf', ''),
(238, '2015-07-23 08:10:01', '2015-07-23 08:10:01', '1437648001-750', 20, 1, 1, 2, '', '333333333', '2', 'fdsfdsfdsfdsfdsf', ''),
(239, '2015-07-23 08:10:01', '2015-07-23 08:10:01', '1437648001-645', 20, 1, 1, 2, '', '333333333', '2', 'fdsfdsfdsfdsfdsf', ''),
(240, '2015-07-23 08:10:03', '2015-07-23 08:10:03', '1437648003-143', 20, 1, 1, 2, '', '333333333', '2', 'fdsfdsfdsfdsfdsf', ''),
(241, '2015-07-23 08:12:57', '2015-07-23 08:12:57', '1437648177-199', 20, 1, 1, 2, '', '333333333', '2', 'fdsfdsfdsfdsfdsf', ''),
(242, '2015-07-23 08:13:17', '2015-07-23 08:13:17', '1437648197-443', 20, 1, 1, 2, '', '333333333', '2', 'fdsfdsfdsfdsfdsf', ''),
(243, '2015-07-23 08:13:36', '2015-07-23 08:13:36', '1437648216-309', 20, 1, 1, 2, '', '333333333', '2', 'fdsfdsfdsfdsfdsf', ''),
(244, '2015-07-23 09:58:46', '2015-07-23 09:58:46', '1437654526-39', 20, 1, 1, 2, '', '44', '2', '4044', ''),
(245, '2015-07-23 10:00:47', '2015-07-23 10:00:47', '1437654647-137', 20, 1, 1, 2, '', '258', '2', 'dfdsfdsfsdfd', ''),
(246, '2015-07-23 10:01:24', '2015-07-23 10:01:24', '1437654684-566', 20, 1, 1, 2, '', '258', '2', 'dfdsfdsfsdfd', ''),
(247, '2015-07-23 10:01:57', '2015-07-23 10:01:57', '1437654717-332', 20, 1, 1, 2, '', '258', '2', 'dfdsfdsfsdfd', ''),
(248, '2015-07-23 10:02:01', '2015-07-23 10:02:01', '1437654721-428', 20, 1, 1, 2, '', '258', '2', 'dfdsfdsfsdfd', '');

-- --------------------------------------------------------

--
-- Table structure for table ` inventory_move_location_item`
--

CREATE TABLE IF NOT EXISTS ` inventory_move_location_item` (
  `id` int(11) NOT NULL AUTO_INCREMENT,
  `move_location_id` int(11) NOT NULL,
  `parent_id` int(11) NOT NULL,
  `inventory_id` int(11) NOT NULL,
  `quantity` float(10,2) NOT NULL,
  `comment` text CHARACTER SET latin1 NOT NULL,
  `created_at` timestamp NULL DEFAULT NULL,
  `updated_at` timestamp NOT NULL DEFAULT CURRENT_TIMESTAMP,
  PRIMARY KEY (`id`)
) ENGINE=InnoDB  DEFAULT CHARSET=utf8 COLLATE=utf8_unicode_ci AUTO_INCREMENT=2 ;

--
-- Dumping data for table ` inventory_move_location_item`
--

INSERT INTO ` inventory_move_location_item` (`id`, `move_location_id`, `parent_id`, `inventory_id`, `quantity`, `comment`, `created_at`, `updated_at`) VALUES
(1, 1, 1, 1, 3.00, 'dfdfd', NULL, '0000-00-00 00:00:00');

-- --------------------------------------------------------

--
-- Table structure for table `inventory_skus`
--

CREATE TABLE IF NOT EXISTS `inventory_skus` (
  `id` int(10) unsigned NOT NULL AUTO_INCREMENT,
  `created_at` timestamp NOT NULL DEFAULT '0000-00-00 00:00:00',
  `updated_at` timestamp NOT NULL DEFAULT '0000-00-00 00:00:00',
  `inventory_id` int(10) unsigned NOT NULL,
  `code` varchar(255) COLLATE utf8_unicode_ci NOT NULL,
  PRIMARY KEY (`id`),
  UNIQUE KEY `inventory_skus_code_unique` (`code`),
  KEY `inventory_skus_inventory_id_foreign` (`inventory_id`)
) ENGINE=InnoDB  DEFAULT CHARSET=utf8 COLLATE=utf8_unicode_ci AUTO_INCREMENT=14 ;

--
-- Dumping data for table `inventory_skus`
--

INSERT INTO `inventory_skus` (`id`, `created_at`, `updated_at`, `inventory_id`, `code`) VALUES
(1, '2015-07-20 05:11:19', '2015-07-20 05:11:19', 1, 'NO 000001'),
(2, '2015-07-20 05:47:02', '2015-07-20 05:47:02', 2, 'NO 000002'),
(3, '2015-07-20 06:26:54', '2015-07-20 06:26:54', 3, 'NO 000003'),
(4, '2015-07-20 06:28:50', '2015-07-20 06:28:50', 4, 'NO 000004'),
(5, '2015-07-20 06:29:19', '2015-07-20 06:29:19', 5, 'NO 000005'),
(6, '2015-07-20 08:15:55', '2015-07-20 08:15:55', 6, 'NO 000006'),
(7, '2015-07-20 09:52:38', '2015-07-20 09:52:38', 7, 'NO 000007'),
(8, '2015-07-20 09:55:18', '2015-07-20 09:55:18', 8, 'NO 000008'),
(9, '2015-07-20 09:58:24', '2015-07-20 09:58:24', 9, 'NO 000009'),
(10, '2015-07-20 10:08:31', '2015-07-20 10:08:31', 10, 'NO 000010'),
(11, '2015-07-20 11:07:37', '2015-07-20 11:07:37', 11, 'NO 000011'),
(12, '2015-07-20 12:26:02', '2015-07-20 12:26:02', 12, 'NO 000012'),
(13, '2015-07-22 07:59:33', '2015-07-22 07:59:33', 13, 'NO 000013');

-- --------------------------------------------------------

--
-- Table structure for table `inventory_stocks`
--

CREATE TABLE IF NOT EXISTS `inventory_stocks` (
  `id` int(10) unsigned NOT NULL AUTO_INCREMENT,
  `created_at` timestamp NOT NULL DEFAULT '0000-00-00 00:00:00',
  `updated_at` timestamp NOT NULL DEFAULT '0000-00-00 00:00:00',
  `deleted_at` timestamp NULL DEFAULT NULL,
  `user_id` int(10) unsigned DEFAULT NULL,
  `inventory_id` int(10) unsigned NOT NULL,
  `location_id` int(10) unsigned NOT NULL,
  `quantity` decimal(8,2) NOT NULL DEFAULT '0.00',
  `aisle` varchar(255) COLLATE utf8_unicode_ci DEFAULT NULL,
  `row` varchar(255) COLLATE utf8_unicode_ci DEFAULT NULL,
  `bin` varchar(255) COLLATE utf8_unicode_ci DEFAULT NULL,
  `serial_no` varchar(255) COLLATE utf8_unicode_ci DEFAULT NULL,
  PRIMARY KEY (`id`),
  UNIQUE KEY `inventory_stocks_inventory_id_location_id_unique` (`inventory_id`,`location_id`),
  KEY `inventory_stocks_user_id_foreign` (`user_id`),
  KEY `inventory_stocks_location_id_foreign` (`location_id`)
) ENGINE=InnoDB  DEFAULT CHARSET=utf8 COLLATE=utf8_unicode_ci AUTO_INCREMENT=21 ;

--
-- Dumping data for table `inventory_stocks`
--

INSERT INTO `inventory_stocks` (`id`, `created_at`, `updated_at`, `deleted_at`, `user_id`, `inventory_id`, `location_id`, `quantity`, `aisle`, `row`, `bin`, `serial_no`) VALUES
(1, '2015-07-20 05:13:18', '2015-07-20 06:37:57', NULL, 1, 1, 2, 1.00, 'asle', 'row', 'bin', 'ABC12345'),
(2, '2015-07-20 05:48:56', '2015-07-20 11:53:22', NULL, 1, 2, 1, 0.00, 'ailse', 'row', 'bin', 'ABC12345'),
(4, '2015-07-20 05:50:39', '2015-07-20 11:54:45', NULL, 1, 2, 2, 0.00, 'asle', 'row', 'bin', 'ABC123454'),
(5, '2015-07-20 06:27:23', '2015-07-20 11:07:14', NULL, 1, 3, 1, 0.00, 'aaa', 'rrrr', 'bin', 'ABC123455'),
(6, '2015-07-20 06:29:41', '2015-07-20 11:31:12', NULL, 1, 5, 1, 0.00, 'asle', 'row', 'bin', NULL),
(8, '2015-07-20 08:16:07', '2015-07-20 09:49:48', NULL, 1, 6, 2, 0.00, '', '', '', NULL),
(9, '2015-07-20 09:09:43', '2015-07-20 09:38:46', NULL, 1, 6, 1, 0.00, NULL, NULL, NULL, NULL),
(10, '2015-07-20 09:52:53', '2015-07-20 09:53:14', NULL, 1, 7, 2, 0.00, 'te', 'dfdf', 'df', 'abc'),
(11, '2015-07-20 09:55:30', '2015-07-20 12:18:02', NULL, 1, 8, 1, 0.00, '2', '232', '2', NULL),
(12, '2015-07-20 09:58:36', '2015-07-20 11:24:56', NULL, 1, 9, 2, 0.00, '', '', '', NULL),
(14, '2015-07-20 10:20:41', '2015-07-20 12:11:06', NULL, 1, 8, 2, 28.00, '2', '2', '2', NULL),
(15, '2015-07-20 10:25:50', '2015-07-20 11:07:14', NULL, 1, 10, 1, 0.00, 'sd', 'row', 'bin', NULL),
(16, '2015-07-20 11:07:47', '2015-07-20 11:08:12', NULL, 1, 11, 1, 0.00, 'fdf', 'dsfdsf', 'dsf', NULL),
(18, '2015-07-20 12:19:58', '2015-07-20 12:24:04', NULL, 1, 11, 2, 0.00, 'sd', 'row', 'bin', NULL),
(19, '2015-07-20 12:26:13', '2015-07-20 13:11:35', NULL, 1, 12, 1, 760.00, 'sd', 'row', 'bin', NULL),
(20, '2015-07-22 08:00:12', '2015-07-22 08:00:12', NULL, 1, 13, 1, 1.00, 'aisle', 'row', 'bin', '123456');

-- --------------------------------------------------------

--
-- Table structure for table `inventory_stock_movements`
--

CREATE TABLE IF NOT EXISTS `inventory_stock_movements` (
  `id` int(10) unsigned NOT NULL AUTO_INCREMENT,
  `created_at` timestamp NOT NULL DEFAULT '0000-00-00 00:00:00',
  `updated_at` timestamp NOT NULL DEFAULT '0000-00-00 00:00:00',
  `deleted_at` timestamp NULL DEFAULT NULL,
  `stock_id` int(10) unsigned NOT NULL,
  `user_id` int(10) unsigned DEFAULT NULL,
  `before` decimal(8,2) NOT NULL DEFAULT '0.00',
  `after` decimal(8,2) NOT NULL DEFAULT '0.00',
  `cost` decimal(8,2) DEFAULT '0.00',
  `reason` varchar(255) COLLATE utf8_unicode_ci DEFAULT NULL,
  PRIMARY KEY (`id`),
  KEY `inventory_stock_movements_stock_id_foreign` (`stock_id`),
  KEY `inventory_stock_movements_user_id_foreign` (`user_id`)
) ENGINE=InnoDB  DEFAULT CHARSET=utf8 COLLATE=utf8_unicode_ci AUTO_INCREMENT=253 ;

--
-- Dumping data for table `inventory_stock_movements`
--

INSERT INTO `inventory_stock_movements` (`id`, `created_at`, `updated_at`, `deleted_at`, `stock_id`, `user_id`, `before`, `after`, `cost`, `reason`) VALUES
(1, '2015-07-20 05:13:18', '2015-07-20 05:13:18', NULL, 1, 1, 0.00, 1.00, 0.00, 'First Item Record; Stock Increase'),
(2, '2015-07-20 05:46:50', '2015-07-20 05:46:50', NULL, 1, 1, 1.00, 1.00, 0.00, 'Stock Adjustment'),
(3, '2015-07-20 05:48:56', '2015-07-20 05:48:56', NULL, 2, 1, 0.00, 1.00, 0.00, 'First Item Record; Stock Increase'),
(4, '2015-07-20 05:50:39', '2015-07-20 05:50:39', NULL, 4, 1, 0.00, 1.00, 0.00, 'First Item Record; Stock Increase'),
(5, '2015-07-20 06:27:23', '2015-07-20 06:27:23', NULL, 5, 1, 0.00, 1.00, 0.00, 'First Item Record; Stock Increase'),
(6, '2015-07-20 06:29:41', '2015-07-20 06:29:41', NULL, 6, 1, 0.00, 50.00, 0.00, 'First Item Record; Stock Increase'),
(7, '2015-07-20 06:32:21', '2015-07-20 06:32:21', NULL, 6, 1, 50.00, 50.00, 0.00, 'Stock Adjustment'),
(8, '2015-07-20 06:32:21', '2015-07-20 06:32:21', NULL, 5, 1, 1.00, 1.00, 0.00, 'Stock Adjustment'),
(9, '2015-07-20 06:35:18', '2015-07-20 06:35:18', NULL, 1, 1, 1.00, 1.00, 0.00, 'Stock Adjustment'),
(10, '2015-07-20 06:35:18', '2015-07-20 06:35:18', NULL, 6, 1, 50.00, 50.00, 0.00, 'Stock Adjustment'),
(11, '2015-07-20 06:37:57', '2015-07-20 06:37:57', NULL, 6, 1, 50.00, 50.00, 0.00, 'Stock Adjustment'),
(12, '2015-07-20 06:37:57', '2015-07-20 06:37:57', NULL, 1, 1, 1.00, 1.00, 0.00, 'Stock Adjustment'),
(13, '2015-07-20 06:50:57', '2015-07-20 06:50:57', NULL, 6, 1, 50.00, 50.00, 0.00, 'Stock Adjustment'),
(14, '2015-07-20 06:53:11', '2015-07-20 06:53:11', NULL, 6, 1, 50.00, 50.00, 0.00, 'Stock Adjustment'),
(15, '2015-07-20 06:56:24', '2015-07-20 06:56:24', NULL, 6, 1, 50.00, 50.00, 0.00, 'Stock Adjustment'),
(16, '2015-07-20 06:59:53', '2015-07-20 06:59:53', NULL, 6, 1, 50.00, 50.00, 0.00, 'Stock Adjustment'),
(17, '2015-07-20 07:14:31', '2015-07-20 07:14:31', NULL, 6, 1, 50.00, 50.00, 0.00, 'Stock Adjustment'),
(18, '2015-07-20 07:14:31', '2015-07-20 07:14:31', NULL, 6, 1, 50.00, 10.00, 0.00, 'Stock Adjustment'),
(19, '2015-07-20 07:24:07', '2015-07-20 07:24:07', NULL, 6, 1, 10.00, 10.00, 0.00, 'Stock Adjustment'),
(20, '2015-07-20 07:25:05', '2015-07-20 07:25:05', NULL, 6, 1, 10.00, 10.00, 0.00, 'Stock Adjustment'),
(21, '2015-07-20 08:15:05', '2015-07-20 08:15:05', NULL, 6, 1, 10.00, 5.00, 0.00, 'Stock Adjustment'),
(22, '2015-07-20 08:15:05', '2015-07-20 08:15:05', NULL, 6, 1, 5.00, 0.00, 0.00, 'Stock Adjustment'),
(23, '2015-07-20 08:15:05', '2015-07-20 08:15:05', NULL, 6, 1, 0.00, 5.00, 0.00, 'Stock Adjustment'),
(24, '2015-07-20 08:15:05', '2015-07-20 08:15:05', NULL, 6, 1, 5.00, 10.00, 0.00, 'Stock Adjustment'),
(25, '2015-07-20 08:15:16', '2015-07-20 08:15:16', NULL, 6, 1, 10.00, 5.00, 0.00, 'Stock Adjustment'),
(26, '2015-07-20 08:15:16', '2015-07-20 08:15:16', NULL, 6, 1, 5.00, 0.00, 0.00, 'Stock Adjustment'),
(27, '2015-07-20 08:15:16', '2015-07-20 08:15:16', NULL, 6, 1, 0.00, 5.00, 0.00, 'Stock Adjustment'),
(28, '2015-07-20 08:15:16', '2015-07-20 08:15:16', NULL, 6, 1, 5.00, 10.00, 0.00, 'Stock Adjustment'),
(29, '2015-07-20 08:16:07', '2015-07-20 08:16:07', NULL, 8, 1, 0.00, 100.00, 0.00, 'First Item Record; Stock Increase'),
(30, '2015-07-20 08:16:35', '2015-07-20 08:16:35', NULL, 8, 1, 100.00, 100.00, 0.00, 'Stock Adjustment'),
(31, '2015-07-20 08:20:18', '2015-07-20 08:20:18', NULL, 8, 1, 100.00, 50.00, 0.00, 'Stock Adjustment'),
(32, '2015-07-20 08:20:18', '2015-07-20 08:20:18', NULL, 8, 1, 50.00, 0.00, 0.00, 'Stock Adjustment'),
(33, '2015-07-20 08:20:19', '2015-07-20 08:20:19', NULL, 8, 1, 0.00, 50.00, 0.00, 'Stock Adjustment'),
(34, '2015-07-20 08:20:19', '2015-07-20 08:20:19', NULL, 8, 1, 50.00, 100.00, 0.00, 'Stock Adjustment'),
(35, '2015-07-20 08:23:40', '2015-07-20 08:23:40', NULL, 8, 1, 100.00, 50.00, 0.00, 'Stock Adjustment'),
(36, '2015-07-20 08:23:40', '2015-07-20 08:23:40', NULL, 8, 1, 50.00, 0.00, 0.00, 'Stock Adjustment'),
(37, '2015-07-20 08:23:40', '2015-07-20 08:23:40', NULL, 8, 1, 0.00, 50.00, 0.00, 'Stock Adjustment'),
(38, '2015-07-20 08:23:40', '2015-07-20 08:23:40', NULL, 8, 1, 50.00, 100.00, 0.00, 'Stock Adjustment'),
(39, '2015-07-20 08:24:28', '2015-07-20 08:24:28', NULL, 8, 1, 100.00, 50.00, 0.00, 'Stock Adjustment'),
(40, '2015-07-20 08:24:28', '2015-07-20 08:24:28', NULL, 8, 1, 50.00, 0.00, 0.00, 'Stock Adjustment'),
(41, '2015-07-20 08:24:28', '2015-07-20 08:24:28', NULL, 8, 1, 0.00, 50.00, 0.00, 'Stock Adjustment'),
(42, '2015-07-20 08:24:28', '2015-07-20 08:24:28', NULL, 8, 1, 50.00, 100.00, 0.00, 'Stock Adjustment'),
(43, '2015-07-20 08:42:14', '2015-07-20 08:42:14', NULL, 8, 1, 100.00, 100.00, 0.00, 'Stock Adjustment'),
(44, '2015-07-20 08:45:40', '2015-07-20 08:45:40', NULL, 8, 1, 100.00, 50.00, 0.00, 'Stock Adjustment'),
(45, '2015-07-20 08:45:40', '2015-07-20 08:45:40', NULL, 8, 1, 50.00, 100.00, 0.00, 'Stock Adjustment'),
(46, '2015-07-20 08:45:40', '2015-07-20 08:45:40', NULL, 8, 1, 100.00, 50.00, 0.00, 'Stock Adjustment'),
(47, '2015-07-20 08:45:40', '2015-07-20 08:45:40', NULL, 8, 1, 50.00, 0.00, 0.00, 'Stock Adjustment'),
(48, '2015-07-20 08:45:40', '2015-07-20 08:45:40', NULL, 8, 1, 0.00, 50.00, 0.00, 'Stock Adjustment'),
(49, '2015-07-20 08:45:40', '2015-07-20 08:45:40', NULL, 8, 1, 50.00, 100.00, 0.00, 'Stock Adjustment'),
(50, '2015-07-20 08:46:04', '2015-07-20 08:46:04', NULL, 8, 1, 100.00, 50.00, 0.00, 'Stock Adjustment'),
(51, '2015-07-20 08:46:04', '2015-07-20 08:46:04', NULL, 8, 1, 50.00, 100.00, 0.00, 'Stock Adjustment'),
(52, '2015-07-20 08:46:04', '2015-07-20 08:46:04', NULL, 8, 1, 100.00, 50.00, 0.00, 'Stock Adjustment'),
(53, '2015-07-20 08:46:04', '2015-07-20 08:46:04', NULL, 8, 1, 50.00, 0.00, 0.00, 'Stock Adjustment'),
(54, '2015-07-20 08:46:04', '2015-07-20 08:46:04', NULL, 8, 1, 0.00, 50.00, 0.00, 'Stock Adjustment'),
(55, '2015-07-20 08:46:04', '2015-07-20 08:46:04', NULL, 8, 1, 50.00, 100.00, 0.00, 'Stock Adjustment'),
(56, '2015-07-20 08:47:19', '2015-07-20 08:47:19', NULL, 8, 1, 100.00, 50.00, 0.00, 'Stock Adjustment'),
(57, '2015-07-20 08:47:19', '2015-07-20 08:47:19', NULL, 8, 1, 50.00, 100.00, 0.00, 'Stock Adjustment'),
(58, '2015-07-20 08:47:19', '2015-07-20 08:47:19', NULL, 8, 1, 100.00, 50.00, 0.00, 'Stock Adjustment'),
(59, '2015-07-20 08:47:19', '2015-07-20 08:47:19', NULL, 8, 1, 50.00, 0.00, 0.00, 'Stock Adjustment'),
(60, '2015-07-20 08:47:19', '2015-07-20 08:47:19', NULL, 8, 1, 0.00, 50.00, 0.00, 'Stock Adjustment'),
(61, '2015-07-20 08:47:19', '2015-07-20 08:47:19', NULL, 8, 1, 50.00, 100.00, 0.00, 'Stock Adjustment'),
(62, '2015-07-20 08:50:26', '2015-07-20 08:50:26', NULL, 5, 1, 1.00, 1.00, 0.00, 'Stock Adjustment'),
(63, '2015-07-20 08:51:25', '2015-07-20 08:51:25', NULL, 8, 1, 100.00, 100.00, 0.00, 'Stock Adjustment'),
(64, '2015-07-20 08:52:54', '2015-07-20 08:52:54', NULL, 8, 1, 100.00, 100.00, 0.00, 'Stock Adjustment'),
(65, '2015-07-20 08:54:55', '2015-07-20 08:54:55', NULL, 8, 1, 100.00, 100.00, 0.00, 'Stock Adjustment'),
(66, '2015-07-20 08:56:29', '2015-07-20 08:56:29', NULL, 8, 1, 100.00, 200.00, 0.00, 'Stock Adjustment'),
(67, '2015-07-20 08:56:30', '2015-07-20 08:56:30', NULL, 8, 1, 100.00, 0.00, 0.00, 'Stock Adjustment'),
(68, '2015-07-20 08:57:04', '2015-07-20 08:57:04', NULL, 8, 1, 0.00, 100.00, 0.00, 'Stock Adjustment'),
(69, '2015-07-20 08:57:19', '2015-07-20 08:57:19', NULL, 8, 1, 100.00, 110.00, 0.00, 'Stock Adjustment'),
(70, '2015-07-20 08:57:19', '2015-07-20 08:57:19', NULL, 8, 1, 100.00, 90.00, 0.00, 'Stock Adjustment'),
(71, '2015-07-20 08:57:19', '2015-07-20 08:57:19', NULL, 8, 1, 90.00, 80.00, 0.00, 'Stock Adjustment'),
(72, '2015-07-20 08:57:19', '2015-07-20 08:57:19', NULL, 8, 1, 80.00, 90.00, 0.00, 'Stock Adjustment'),
(73, '2015-07-20 08:57:19', '2015-07-20 08:57:19', NULL, 8, 1, 90.00, 100.00, 0.00, 'Stock Adjustment'),
(74, '2015-07-20 08:57:40', '2015-07-20 08:57:40', NULL, 8, 1, 100.00, 110.00, 0.00, 'Stock Adjustment'),
(75, '2015-07-20 08:57:40', '2015-07-20 08:57:40', NULL, 8, 1, 100.00, 90.00, 0.00, 'Stock Adjustment'),
(76, '2015-07-20 08:57:40', '2015-07-20 08:57:40', NULL, 8, 1, 90.00, 80.00, 0.00, 'Stock Adjustment'),
(77, '2015-07-20 08:57:40', '2015-07-20 08:57:40', NULL, 8, 1, 80.00, 90.00, 0.00, 'Stock Adjustment'),
(78, '2015-07-20 08:57:40', '2015-07-20 08:57:40', NULL, 8, 1, 90.00, 100.00, 0.00, 'Stock Adjustment'),
(79, '2015-07-20 09:09:43', '2015-07-20 09:09:43', NULL, 9, 1, 0.00, 0.00, 0.00, 'First Item Record; Stock Increase'),
(80, '2015-07-20 09:09:43', '2015-07-20 09:09:43', NULL, 9, 1, 0.00, 100.00, 0.00, 'kundan'),
(81, '2015-07-20 09:09:43', '2015-07-20 09:09:43', NULL, 8, 1, 100.00, 200.00, 0.00, 'Stock Adjustment'),
(82, '2015-07-20 09:09:43', '2015-07-20 09:09:43', NULL, 8, 1, 100.00, 0.00, 0.00, 'Stock Adjustment'),
(83, '2015-07-20 09:10:18', '2015-07-20 09:10:18', NULL, 8, 1, 0.00, 0.00, 0.00, 'Stock Adjustment'),
(84, '2015-07-20 09:10:18', '2015-07-20 09:10:18', NULL, 8, 1, 0.00, 0.00, 0.00, 'Stock Adjustment'),
(85, '2015-07-20 09:11:40', '2015-07-20 09:11:40', NULL, 9, 1, 100.00, 90.00, 0.00, 'Stock Adjustment'),
(86, '2015-07-20 09:11:50', '2015-07-20 09:11:50', NULL, 9, 1, 90.00, 80.00, 0.00, 'Stock Adjustment'),
(87, '2015-07-20 09:13:49', '2015-07-20 09:13:49', NULL, 9, 1, 80.00, 70.00, 0.00, 'Stock Adjustment'),
(88, '2015-07-20 09:13:49', '2015-07-20 09:13:49', NULL, 8, 1, 0.00, 10.00, 0.00, 'Stock Adjustment'),
(89, '2015-07-20 09:14:10', '2015-07-20 09:14:10', NULL, 9, 1, 70.00, 40.00, 0.00, 'Stock Adjustment'),
(90, '2015-07-20 09:14:10', '2015-07-20 09:14:10', NULL, 8, 1, 10.00, 40.00, 0.00, 'Stock Adjustment'),
(91, '2015-07-20 09:15:33', '2015-07-20 09:15:33', NULL, 9, 1, 40.00, 30.00, 0.00, 'Stock Adjustment'),
(92, '2015-07-20 09:15:33', '2015-07-20 09:15:33', NULL, 8, 1, 40.00, 50.00, 0.00, 'Stock Adjustment'),
(93, '2015-07-20 09:19:11', '2015-07-20 09:19:11', NULL, 9, 1, 30.00, 20.00, 0.00, 'Stock Adjustment'),
(94, '2015-07-20 09:19:11', '2015-07-20 09:19:11', NULL, 8, 1, 50.00, 60.00, 0.00, 'Stock Adjustment'),
(95, '2015-07-20 09:38:46', '2015-07-20 09:38:46', NULL, 9, 1, 20.00, 0.00, 0.00, 'Stock Adjustment'),
(96, '2015-07-20 09:49:48', '2015-07-20 09:49:48', NULL, 8, 1, 60.00, 0.00, 999999.99, '2'),
(97, '2015-07-20 09:52:53', '2015-07-20 09:52:53', NULL, 10, 1, 0.00, 1.00, 0.00, 'First Item Record; Stock Increase'),
(98, '2015-07-20 09:53:14', '2015-07-20 09:53:14', NULL, 10, 1, 1.00, 0.00, 999999.99, '2'),
(99, '2015-07-20 09:55:30', '2015-07-20 09:55:30', NULL, 11, 1, 0.00, 10.00, 0.00, 'First Item Record; Stock Increase'),
(100, '2015-07-20 09:55:43', '2015-07-20 09:55:43', NULL, 11, 1, 10.00, 8.00, 999999.99, '1'),
(101, '2015-07-20 09:56:18', '2015-07-20 09:56:18', NULL, 11, 1, 8.00, 6.00, 999999.99, '1'),
(102, '2015-07-20 09:58:36', '2015-07-20 09:58:36', NULL, 12, 1, 0.00, 50.00, 0.00, 'First Item Record; Stock Increase'),
(103, '2015-07-20 09:59:17', '2015-07-20 09:59:17', NULL, 12, 1, 50.00, 48.00, 999999.99, '1'),
(104, '2015-07-20 09:59:17', '2015-07-20 09:59:17', NULL, 12, 1, 48.00, 46.00, 0.00, 'Stock Adjustment'),
(105, '2015-07-20 10:06:40', '2015-07-20 10:06:40', NULL, 12, 1, 46.00, 44.00, 999999.99, '1'),
(106, '2015-07-20 10:16:26', '2015-07-20 10:16:26', NULL, 12, 1, 44.00, 42.00, 999999.99, '1'),
(107, '2015-07-20 10:16:26', '2015-07-20 10:16:26', NULL, 12, 1, 42.00, 42.00, 999999.99, '1'),
(108, '2015-07-20 10:18:05', '2015-07-20 10:18:05', NULL, 12, 1, 42.00, 40.00, 999999.99, '1'),
(109, '2015-07-20 10:18:05', '2015-07-20 10:18:05', NULL, 12, 1, 40.00, 42.00, 0.00, '1437396485-264'),
(110, '2015-07-20 10:18:17', '2015-07-20 10:18:17', NULL, 12, 1, 42.00, 40.00, 999999.99, '1'),
(111, '2015-07-20 10:18:17', '2015-07-20 10:18:17', NULL, 12, 1, 40.00, 42.00, 0.00, '1437396497-453'),
(112, '2015-07-20 10:18:20', '2015-07-20 10:18:20', NULL, 12, 1, 42.00, 40.00, 999999.99, '1'),
(113, '2015-07-20 10:18:20', '2015-07-20 10:18:20', NULL, 12, 1, 40.00, 42.00, 0.00, '1437396500-770'),
(114, '2015-07-20 10:20:41', '2015-07-20 10:20:41', NULL, 14, 1, 0.00, 21.00, 0.00, 'First Item Record; Stock Increase'),
(115, '2015-07-20 10:20:58', '2015-07-20 10:20:58', NULL, 14, 1, 21.00, 11.00, 999999.99, '2'),
(116, '2015-07-20 10:20:58', '2015-07-20 10:20:58', NULL, 11, 1, 6.00, 16.00, 0.00, '1437396658-131'),
(117, '2015-07-20 10:22:05', '2015-07-20 10:22:05', NULL, 14, 1, 11.00, 6.00, 999999.99, '2'),
(118, '2015-07-20 10:22:05', '2015-07-20 10:22:05', NULL, 11, 1, 16.00, 21.00, 0.00, '1437396725-430'),
(119, '2015-07-20 10:24:21', '2015-07-20 10:24:21', NULL, 14, 1, 6.00, 1.00, 999999.99, '2'),
(120, '2015-07-20 10:24:21', '2015-07-20 10:24:21', NULL, 11, 1, 21.00, 26.00, 0.00, '1437396861-726'),
(121, '2015-07-20 10:24:21', '2015-07-20 10:24:21', NULL, 11, 1, 26.00, 31.00, 0.00, 'Stock Adjustment'),
(122, '2015-07-20 10:25:50', '2015-07-20 10:25:50', NULL, 15, 1, 0.00, 12.00, 0.00, 'First Item Record; Stock Increase'),
(123, '2015-07-20 10:26:17', '2015-07-20 10:26:17', NULL, 15, 1, 12.00, 7.00, 999999.99, '1'),
(124, '2015-07-20 10:29:57', '2015-07-20 10:29:57', NULL, 15, 1, 7.00, 6.00, 999999.99, '1'),
(125, '2015-07-20 10:38:09', '2015-07-20 10:38:09', NULL, 15, 1, 6.00, 0.00, 999999.99, '1'),
(126, '2015-07-20 10:43:14', '2015-07-20 10:43:14', NULL, 15, 1, 0.00, 0.00, 999999.99, '1'),
(127, '2015-07-20 10:43:14', '2015-07-20 10:43:14', NULL, 4, 1, 1.00, 0.00, 999999.99, '2'),
(128, '2015-07-20 10:43:14', '2015-07-20 10:43:14', NULL, 4, 1, 0.00, 1.00, 0.00, '1437397994-600'),
(129, '2015-07-20 10:46:24', '2015-07-20 10:46:24', NULL, 15, 1, 0.00, 0.00, 999999.99, '1'),
(130, '2015-07-20 10:46:24', '2015-07-20 10:46:24', NULL, 4, 1, 1.00, 0.00, 999999.99, '2'),
(131, '2015-07-20 10:46:24', '2015-07-20 10:46:24', NULL, 4, 1, 0.00, 1.00, 0.00, '1437398184-681'),
(132, '2015-07-20 10:46:35', '2015-07-20 10:46:35', NULL, 15, 1, 0.00, 0.00, 999999.99, '1'),
(133, '2015-07-20 10:46:35', '2015-07-20 10:46:35', NULL, 4, 1, 1.00, 0.00, 999999.99, '2'),
(134, '2015-07-20 10:46:35', '2015-07-20 10:46:35', NULL, 4, 1, 0.00, 1.00, 0.00, '1437398195-637'),
(135, '2015-07-20 10:46:57', '2015-07-20 10:46:57', NULL, 15, 1, 0.00, 0.00, 999999.99, '1'),
(136, '2015-07-20 10:46:58', '2015-07-20 10:46:58', NULL, 4, 1, 1.00, 0.00, 999999.99, '2'),
(137, '2015-07-20 10:46:58', '2015-07-20 10:46:58', NULL, 4, 1, 0.00, 1.00, 0.00, '1437398217-643'),
(138, '2015-07-20 10:46:58', '2015-07-20 10:46:58', NULL, 4, 1, 1.00, 2.00, 0.00, 'Stock Adjustment'),
(139, '2015-07-20 10:47:53', '2015-07-20 10:47:53', NULL, 15, 1, 0.00, 0.00, 999999.99, '1'),
(140, '2015-07-20 10:47:53', '2015-07-20 10:47:53', NULL, 5, 1, 1.00, 0.00, 999999.99, '1'),
(141, '2015-07-20 10:47:53', '2015-07-20 10:47:53', NULL, 14, 1, 1.00, 0.00, 999999.99, '2'),
(142, '2015-07-20 10:47:53', '2015-07-20 10:47:53', NULL, 14, 1, 0.00, 1.00, 0.00, '1437398273-890'),
(143, '2015-07-20 10:47:53', '2015-07-20 10:47:53', NULL, 14, 1, 1.00, 2.00, 0.00, 'Stock Adjustment'),
(144, '2015-07-20 10:49:55', '2015-07-20 10:49:55', NULL, 15, 1, 0.00, 0.00, 999999.99, '1'),
(145, '2015-07-20 10:50:07', '2015-07-20 10:50:07', NULL, 15, 1, 0.00, 0.00, 999999.99, '1'),
(146, '2015-07-20 10:51:41', '2015-07-20 10:51:41', NULL, 15, 1, 0.00, 0.00, 999999.99, '1'),
(147, '2015-07-20 10:52:13', '2015-07-20 10:52:13', NULL, 15, 1, 0.00, 0.00, 999999.99, '1'),
(148, '2015-07-20 10:54:19', '2015-07-20 10:54:19', NULL, 15, 1, 0.00, 0.00, 999999.99, '1'),
(149, '2015-07-20 10:54:48', '2015-07-20 10:54:48', NULL, 15, 1, 0.00, 0.00, 999999.99, '1'),
(150, '2015-07-20 10:55:10', '2015-07-20 10:55:10', NULL, 15, 1, 0.00, 0.00, 999999.99, '1'),
(151, '2015-07-20 10:55:30', '2015-07-20 10:55:30', NULL, 15, 1, 0.00, 0.00, 999999.99, '1'),
(152, '2015-07-20 10:56:18', '2015-07-20 10:56:18', NULL, 15, 1, 0.00, 0.00, 999999.99, '1'),
(153, '2015-07-20 10:58:17', '2015-07-20 10:58:17', NULL, 15, 1, 0.00, 0.00, 999999.99, '1'),
(154, '2015-07-20 11:01:21', '2015-07-20 11:01:21', NULL, 15, 1, 0.00, 0.00, 999999.99, '1'),
(155, '2015-07-20 11:01:37', '2015-07-20 11:01:37', NULL, 15, 1, 0.00, 0.00, 999999.99, '1'),
(156, '2015-07-20 11:02:56', '2015-07-20 11:02:56', NULL, 15, 1, 0.00, 0.00, 999999.99, '1'),
(157, '2015-07-20 11:03:21', '2015-07-20 11:03:21', NULL, 15, 1, 0.00, 0.00, 999999.99, '1'),
(158, '2015-07-20 11:06:35', '2015-07-20 11:06:35', NULL, 15, 1, 0.00, 0.00, 999999.99, '1'),
(159, '2015-07-20 11:07:01', '2015-07-20 11:07:01', NULL, 15, 1, 0.00, 0.00, 999999.99, '1'),
(160, '2015-07-20 11:07:01', '2015-07-20 11:07:01', NULL, 5, 1, 0.00, 0.00, 999999.99, '1'),
(161, '2015-07-20 11:07:01', '2015-07-20 11:07:01', NULL, 14, 1, 2.00, 1.00, 999999.99, '2'),
(162, '2015-07-20 11:07:01', '2015-07-20 11:07:01', NULL, 14, 1, 1.00, 2.00, 0.00, '1437399421-990'),
(163, '2015-07-20 11:07:01', '2015-07-20 11:07:01', NULL, 14, 1, 2.00, 3.00, 0.00, 'Stock Adjustment'),
(164, '2015-07-20 11:07:14', '2015-07-20 11:07:14', NULL, 15, 1, 0.00, 0.00, 999999.99, '1'),
(165, '2015-07-20 11:07:14', '2015-07-20 11:07:14', NULL, 5, 1, 0.00, 0.00, 999999.99, '1'),
(166, '2015-07-20 11:07:14', '2015-07-20 11:07:14', NULL, 14, 1, 3.00, 2.00, 999999.99, '2'),
(167, '2015-07-20 11:07:14', '2015-07-20 11:07:14', NULL, 14, 1, 2.00, 3.00, 0.00, '1437399434-507'),
(168, '2015-07-20 11:07:14', '2015-07-20 11:07:14', NULL, 14, 1, 3.00, 4.00, 0.00, 'Stock Adjustment'),
(169, '2015-07-20 11:07:47', '2015-07-20 11:07:47', NULL, 16, 1, 0.00, 50.00, 0.00, 'First Item Record; Stock Increase'),
(170, '2015-07-20 11:08:12', '2015-07-20 11:08:12', NULL, 16, 1, 50.00, 0.00, 999999.99, '1'),
(171, '2015-07-20 11:08:12', '2015-07-20 11:08:12', NULL, 6, 1, 10.00, 8.00, 999999.99, '1'),
(172, '2015-07-20 11:22:06', '2015-07-20 11:22:06', NULL, 12, 1, 42.00, 32.00, 999999.99, '2'),
(173, '2015-07-20 11:23:06', '2015-07-20 11:23:06', NULL, 12, 1, 32.00, 22.00, 999999.99, '2'),
(174, '2015-07-20 11:23:30', '2015-07-20 11:23:30', NULL, 12, 1, 22.00, 12.00, 999999.99, '2'),
(175, '2015-07-20 11:23:55', '2015-07-20 11:23:55', NULL, 12, 1, 12.00, 2.00, 999999.99, '2'),
(176, '2015-07-20 11:24:41', '2015-07-20 11:24:41', NULL, 12, 1, 2.00, 1.00, 999999.99, '2'),
(177, '2015-07-20 11:24:56', '2015-07-20 11:24:56', NULL, 12, 1, 1.00, 0.00, 999999.99, '2'),
(178, '2015-07-20 11:25:23', '2015-07-20 11:25:23', NULL, 11, 1, 31.00, 21.00, 999999.99, '1'),
(179, '2015-07-20 11:25:23', '2015-07-20 11:25:23', NULL, 14, 1, 4.00, 14.00, 0.00, '1437400523-874'),
(180, '2015-07-20 11:25:38', '2015-07-20 11:25:38', NULL, 11, 1, 21.00, 11.00, 999999.99, '1'),
(181, '2015-07-20 11:25:38', '2015-07-20 11:25:38', NULL, 14, 1, 14.00, 24.00, 0.00, '1437400538-381'),
(182, '2015-07-20 11:25:41', '2015-07-20 11:25:41', NULL, 11, 1, 11.00, 1.00, 999999.99, '1'),
(183, '2015-07-20 11:25:41', '2015-07-20 11:25:41', NULL, 14, 1, 24.00, 34.00, 0.00, '1437400541-930'),
(184, '2015-07-20 11:27:33', '2015-07-20 11:27:33', NULL, 14, 1, 34.00, 24.00, 999999.99, '2'),
(185, '2015-07-20 11:27:33', '2015-07-20 11:27:33', NULL, 11, 1, 1.00, 11.00, 0.00, '1437400653-109'),
(186, '2015-07-20 11:30:41', '2015-07-20 11:30:41', NULL, 6, 1, 8.00, 4.00, 999999.99, '1'),
(187, '2015-07-20 11:31:12', '2015-07-20 11:31:12', NULL, 6, 1, 4.00, 0.00, 999999.99, '1'),
(188, '2015-07-20 11:32:57', '2015-07-20 11:32:57', NULL, 4, 1, 2.00, 1.00, 999999.99, '2'),
(189, '2015-07-20 11:32:57', '2015-07-20 11:32:57', NULL, 2, 1, 1.00, 2.00, 0.00, '1437400977-99'),
(190, '2015-07-20 11:36:08', '2015-07-20 11:36:08', NULL, 4, 1, 1.00, 0.00, 999999.99, '2'),
(191, '2015-07-20 11:36:08', '2015-07-20 11:36:08', NULL, 2, 1, 2.00, 3.00, 0.00, '1437401168-511'),
(192, '2015-07-20 11:43:44', '2015-07-20 11:43:44', NULL, 2, 1, 3.00, 2.00, 999999.99, '1'),
(193, '2015-07-20 11:43:44', '2015-07-20 11:43:44', NULL, 4, 1, 0.00, 1.00, 0.00, '1437401624-128'),
(194, '2015-07-20 11:48:38', '2015-07-20 11:48:38', NULL, 2, 1, 2.00, 1.00, 999999.99, '1'),
(195, '2015-07-20 11:53:22', '2015-07-20 11:53:22', NULL, 2, 1, 1.00, 0.00, 999999.99, '1'),
(196, '2015-07-20 11:54:45', '2015-07-20 11:54:45', NULL, 4, 1, 1.00, 0.00, 999999.99, '2'),
(197, '2015-07-20 11:59:49', '2015-07-20 11:59:49', NULL, 11, 1, 11.00, 10.00, 999999.99, '1'),
(198, '2015-07-20 12:02:22', '2015-07-20 12:02:22', NULL, 11, 1, 10.00, 9.00, 999999.99, '1'),
(199, '2015-07-20 12:02:22', '2015-07-20 12:02:22', NULL, 14, 1, 24.00, 25.00, 0.00, '1437402742-830'),
(200, '2015-07-20 12:09:54', '2015-07-20 12:09:54', NULL, 11, 1, 9.00, 8.00, 999999.99, '1'),
(201, '2015-07-20 12:09:54', '2015-07-20 12:09:54', NULL, 14, 1, 25.00, 26.00, 0.00, '1437403194-612'),
(202, '2015-07-20 12:11:06', '2015-07-20 12:11:06', NULL, 11, 1, 8.00, 6.00, 999999.99, '1'),
(203, '2015-07-20 12:11:06', '2015-07-20 12:11:06', NULL, 14, 1, 26.00, 28.00, 0.00, '1437403266-918'),
(204, '2015-07-20 12:12:45', '2015-07-20 12:12:45', NULL, 11, 1, 6.00, 5.00, 999999.99, '1'),
(205, '2015-07-20 12:13:22', '2015-07-20 12:13:22', NULL, 11, 1, 5.00, 4.00, 999999.99, '1'),
(206, '2015-07-20 12:13:38', '2015-07-20 12:13:38', NULL, 11, 1, 4.00, 3.00, 999999.99, '1'),
(207, '2015-07-20 12:16:27', '2015-07-20 12:16:27', NULL, 11, 1, 3.00, 2.00, 999999.99, '1'),
(208, '2015-07-20 12:16:52', '2015-07-20 12:16:52', NULL, 11, 1, 2.00, 1.00, 999999.99, '1'),
(209, '2015-07-20 12:18:02', '2015-07-20 12:18:02', NULL, 11, 1, 1.00, 0.00, 999999.99, '1'),
(210, '2015-07-20 12:19:58', '2015-07-20 12:19:58', NULL, 18, 1, 0.00, 16.00, 0.00, 'First Item Record; Stock Increase'),
(211, '2015-07-20 12:20:14', '2015-07-20 12:20:14', NULL, 18, 1, 16.00, 15.00, 999999.99, '2'),
(212, '2015-07-20 12:21:27', '2015-07-20 12:21:27', NULL, 18, 1, 15.00, 14.00, 999999.99, '2'),
(213, '2015-07-20 12:21:28', '2015-07-20 12:21:28', NULL, 18, 1, 14.00, 13.00, 999999.99, '2'),
(214, '2015-07-20 12:21:29', '2015-07-20 12:21:29', NULL, 18, 1, 13.00, 12.00, 999999.99, '2'),
(215, '2015-07-20 12:21:30', '2015-07-20 12:21:30', NULL, 18, 1, 12.00, 11.00, 999999.99, '2'),
(216, '2015-07-20 12:21:30', '2015-07-20 12:21:30', NULL, 18, 1, 11.00, 10.00, 999999.99, '2'),
(217, '2015-07-20 12:21:31', '2015-07-20 12:21:31', NULL, 18, 1, 10.00, 9.00, 999999.99, '2'),
(218, '2015-07-20 12:21:32', '2015-07-20 12:21:32', NULL, 18, 1, 9.00, 8.00, 999999.99, '2'),
(219, '2015-07-20 12:21:32', '2015-07-20 12:21:32', NULL, 18, 1, 8.00, 7.00, 999999.99, '2'),
(220, '2015-07-20 12:21:56', '2015-07-20 12:21:56', NULL, 18, 1, 7.00, 6.00, 999999.99, '2'),
(221, '2015-07-20 12:22:08', '2015-07-20 12:22:08', NULL, 18, 1, 6.00, 5.00, 999999.99, '2'),
(222, '2015-07-20 12:22:15', '2015-07-20 12:22:15', NULL, 18, 1, 5.00, 4.00, 999999.99, '2'),
(223, '2015-07-20 12:22:32', '2015-07-20 12:22:32', NULL, 18, 1, 4.00, 3.00, 999999.99, '2'),
(224, '2015-07-20 12:23:16', '2015-07-20 12:23:16', NULL, 18, 1, 3.00, 2.00, 999999.99, '2'),
(225, '2015-07-20 12:23:49', '2015-07-20 12:23:49', NULL, 18, 1, 2.00, 1.00, 999999.99, '2'),
(226, '2015-07-20 12:24:04', '2015-07-20 12:24:04', NULL, 18, 1, 1.00, 0.00, 999999.99, '2'),
(227, '2015-07-20 12:26:13', '2015-07-20 12:26:13', NULL, 19, 1, 0.00, 1000.00, 0.00, 'First Item Record; Stock Increase'),
(228, '2015-07-20 12:26:27', '2015-07-20 12:26:27', NULL, 19, 1, 1000.00, 990.00, 999999.99, '1'),
(229, '2015-07-20 12:28:10', '2015-07-20 12:28:10', NULL, 19, 1, 990.00, 980.00, 999999.99, '1'),
(230, '2015-07-20 12:31:40', '2015-07-20 12:31:40', NULL, 19, 1, 980.00, 970.00, 999999.99, '1'),
(231, '2015-07-20 12:32:09', '2015-07-20 12:32:09', NULL, 19, 1, 970.00, 960.00, 999999.99, '1'),
(232, '2015-07-20 12:32:27', '2015-07-20 12:32:27', NULL, 19, 1, 960.00, 950.00, 999999.99, '1'),
(233, '2015-07-20 12:32:31', '2015-07-20 12:32:31', NULL, 19, 1, 950.00, 940.00, 999999.99, '1'),
(234, '2015-07-20 12:33:51', '2015-07-20 12:33:51', NULL, 19, 1, 940.00, 930.00, 999999.99, '1'),
(235, '2015-07-20 12:43:02', '2015-07-20 12:43:02', NULL, 19, 1, 930.00, 920.00, 999999.99, '1'),
(236, '2015-07-20 12:47:38', '2015-07-20 12:47:38', NULL, 19, 1, 920.00, 910.00, 999999.99, '1'),
(237, '2015-07-20 12:48:19', '2015-07-20 12:48:19', NULL, 19, 1, 910.00, 900.00, 999999.99, '1'),
(238, '2015-07-20 12:48:28', '2015-07-20 12:48:28', NULL, 19, 1, 900.00, 890.00, 999999.99, '1'),
(239, '2015-07-20 12:49:04', '2015-07-20 12:49:04', NULL, 19, 1, 890.00, 880.00, 999999.99, '1'),
(240, '2015-07-20 12:49:38', '2015-07-20 12:49:38', NULL, 19, 1, 880.00, 870.00, 999999.99, '1'),
(241, '2015-07-20 12:53:19', '2015-07-20 12:53:19', NULL, 19, 1, 870.00, 860.00, 999999.99, '1'),
(242, '2015-07-20 12:53:21', '2015-07-20 12:53:21', NULL, 19, 1, 860.00, 850.00, 999999.99, '1'),
(243, '2015-07-20 12:53:22', '2015-07-20 12:53:22', NULL, 19, 1, 850.00, 840.00, 999999.99, '1'),
(244, '2015-07-20 12:53:23', '2015-07-20 12:53:23', NULL, 19, 1, 840.00, 830.00, 999999.99, '1'),
(245, '2015-07-20 12:53:24', '2015-07-20 12:53:24', NULL, 19, 1, 830.00, 820.00, 999999.99, '1'),
(246, '2015-07-20 12:53:25', '2015-07-20 12:53:25', NULL, 19, 1, 820.00, 810.00, 999999.99, '1'),
(247, '2015-07-20 12:53:27', '2015-07-20 12:53:27', NULL, 19, 1, 810.00, 800.00, 999999.99, '1'),
(248, '2015-07-20 12:53:48', '2015-07-20 12:53:48', NULL, 19, 1, 800.00, 790.00, 999999.99, '1'),
(249, '2015-07-20 13:09:55', '2015-07-20 13:09:55', NULL, 19, 1, 790.00, 780.00, 999999.99, '1'),
(250, '2015-07-20 13:11:04', '2015-07-20 13:11:04', NULL, 19, 1, 780.00, 770.00, 999999.99, '1'),
(251, '2015-07-20 13:11:35', '2015-07-20 13:11:35', NULL, 19, 1, 770.00, 760.00, 999999.99, '1'),
(252, '2015-07-22 08:00:12', '2015-07-22 08:00:12', NULL, 20, 1, 0.00, 1.00, 0.00, 'First Item Record; Stock Increase');

-- --------------------------------------------------------

--
-- Table structure for table `inventory_suppliers`
--

CREATE TABLE IF NOT EXISTS `inventory_suppliers` (
  `id` int(10) unsigned NOT NULL AUTO_INCREMENT,
  `created_at` timestamp NOT NULL DEFAULT '0000-00-00 00:00:00',
  `updated_at` timestamp NOT NULL DEFAULT '0000-00-00 00:00:00',
  `inventory_id` int(10) unsigned NOT NULL,
  `supplier_id` int(10) unsigned NOT NULL,
  PRIMARY KEY (`id`),
  KEY `inventory_suppliers_inventory_id_foreign` (`inventory_id`),
  KEY `inventory_suppliers_supplier_id_foreign` (`supplier_id`)
) ENGINE=InnoDB DEFAULT CHARSET=utf8 COLLATE=utf8_unicode_ci AUTO_INCREMENT=1 ;

-- --------------------------------------------------------

--
-- Table structure for table `inventory_transactions`
--

CREATE TABLE IF NOT EXISTS `inventory_transactions` (
  `id` int(10) unsigned NOT NULL AUTO_INCREMENT,
  `created_at` timestamp NOT NULL DEFAULT '0000-00-00 00:00:00',
  `updated_at` timestamp NOT NULL DEFAULT '0000-00-00 00:00:00',
  `user_id` int(10) unsigned DEFAULT NULL,
  `stock_id` int(10) unsigned NOT NULL,
  `name` varchar(255) COLLATE utf8_unicode_ci DEFAULT NULL,
  `state` varchar(255) COLLATE utf8_unicode_ci NOT NULL,
  `quantity` decimal(8,2) NOT NULL DEFAULT '0.00',
  PRIMARY KEY (`id`),
  KEY `inventory_transactions_user_id_foreign` (`user_id`),
  KEY `inventory_transactions_stock_id_foreign` (`stock_id`)
) ENGINE=InnoDB DEFAULT CHARSET=utf8 COLLATE=utf8_unicode_ci AUTO_INCREMENT=1 ;

-- --------------------------------------------------------

--
-- Table structure for table `inventory_transaction_histories`
--

CREATE TABLE IF NOT EXISTS `inventory_transaction_histories` (
  `id` int(10) unsigned NOT NULL AUTO_INCREMENT,
  `created_at` timestamp NOT NULL DEFAULT '0000-00-00 00:00:00',
  `updated_at` timestamp NOT NULL DEFAULT '0000-00-00 00:00:00',
  `user_id` int(10) unsigned DEFAULT NULL,
  `transaction_id` int(10) unsigned NOT NULL,
  `state_before` varchar(255) COLLATE utf8_unicode_ci NOT NULL,
  `state_after` varchar(255) COLLATE utf8_unicode_ci NOT NULL,
  `quantity_before` varchar(255) COLLATE utf8_unicode_ci NOT NULL,
  `quantity_after` varchar(255) COLLATE utf8_unicode_ci NOT NULL,
  PRIMARY KEY (`id`),
  KEY `inventory_transaction_histories_user_id_foreign` (`user_id`),
  KEY `inventory_transaction_histories_transaction_id_foreign` (`transaction_id`)
) ENGINE=InnoDB DEFAULT CHARSET=utf8 COLLATE=utf8_unicode_ci AUTO_INCREMENT=1 ;

-- --------------------------------------------------------

--
-- Table structure for table `inventory_transaction_state`
--

CREATE TABLE IF NOT EXISTS `inventory_transaction_state` (
  `id` int(10) unsigned NOT NULL AUTO_INCREMENT,
  `created_at` timestamp NOT NULL DEFAULT '0000-00-00 00:00:00',
  `updated_at` timestamp NOT NULL DEFAULT '0000-00-00 00:00:00',
  `deleted_at` timestamp NULL DEFAULT NULL,
  `state` varchar(255) COLLATE utf8_unicode_ci NOT NULL,
  `description` text COLLATE utf8_unicode_ci NOT NULL,
  PRIMARY KEY (`id`)
) ENGINE=InnoDB DEFAULT CHARSET=utf8 COLLATE=utf8_unicode_ci AUTO_INCREMENT=1 ;

-- --------------------------------------------------------

--
-- Table structure for table `kit_inventory_map`
--

CREATE TABLE IF NOT EXISTS `kit_inventory_map` (
  `id` int(10) unsigned NOT NULL AUTO_INCREMENT,
  `created_at` timestamp NOT NULL DEFAULT '0000-00-00 00:00:00',
  `updated_at` timestamp NOT NULL DEFAULT '0000-00-00 00:00:00',
  `kit_id` int(10) unsigned NOT NULL,
  `created_by` int(10) unsigned NOT NULL,
  `inventory_id` int(10) unsigned NOT NULL,
  `quantity` int(11) NOT NULL,
  PRIMARY KEY (`id`),
  KEY `kit_inventory_map_created_by_foreign` (`created_by`),
  KEY `kit_inventory_map_inventory_id_foreign` (`inventory_id`)
) ENGINE=InnoDB DEFAULT CHARSET=utf8 COLLATE=utf8_unicode_ci AUTO_INCREMENT=1 ;

-- --------------------------------------------------------

--
-- Table structure for table `kit_stock_map`
--

CREATE TABLE IF NOT EXISTS `kit_stock_map` (
  `id` int(10) unsigned NOT NULL AUTO_INCREMENT,
  `created_at` timestamp NOT NULL DEFAULT '0000-00-00 00:00:00',
  `updated_at` timestamp NOT NULL DEFAULT '0000-00-00 00:00:00',
  `kit_stock_id` int(10) unsigned NOT NULL,
  `created_by` int(10) unsigned NOT NULL,
  `stock_id` int(10) unsigned NOT NULL,
  `serial_no` varchar(255) COLLATE utf8_unicode_ci NOT NULL,
  `quantity` int(11) NOT NULL,
  PRIMARY KEY (`id`),
  KEY `kit_stock_map_created_by_foreign` (`created_by`),
  KEY `kit_stock_map_stock_id_foreign` (`stock_id`)
) ENGINE=InnoDB DEFAULT CHARSET=utf8 COLLATE=utf8_unicode_ci AUTO_INCREMENT=1 ;

-- --------------------------------------------------------

--
-- Table structure for table `locations`
--

CREATE TABLE IF NOT EXISTS `locations` (
  `id` int(10) unsigned NOT NULL AUTO_INCREMENT,
  `created_at` timestamp NOT NULL DEFAULT '0000-00-00 00:00:00',
  `updated_at` timestamp NOT NULL DEFAULT '0000-00-00 00:00:00',
  `parent_id` int(11) DEFAULT NULL,
  `lft` int(11) DEFAULT NULL,
  `rgt` int(11) DEFAULT NULL,
  `depth` int(11) DEFAULT NULL,
  `name` varchar(255) COLLATE utf8_unicode_ci NOT NULL,
  `description` text COLLATE utf8_unicode_ci NOT NULL,
  `belongs_to` varchar(255) COLLATE utf8_unicode_ci DEFAULT NULL,
  PRIMARY KEY (`id`),
  KEY `locations_parent_id_index` (`parent_id`),
  KEY `locations_lft_index` (`lft`),
  KEY `locations_rgt_index` (`rgt`)
) ENGINE=InnoDB  DEFAULT CHARSET=utf8 COLLATE=utf8_unicode_ci AUTO_INCREMENT=6 ;

--
-- Dumping data for table `locations`
--

INSERT INTO `locations` (`id`, `created_at`, `updated_at`, `parent_id`, `lft`, `rgt`, `depth`, `name`, `description`, `belongs_to`) VALUES
(1, '2015-07-20 05:12:33', '2015-07-20 05:12:33', NULL, NULL, NULL, NULL, 'USA Main Warehouse', 'desc', NULL),
(2, '2015-07-20 05:14:45', '2015-07-20 05:14:45', NULL, NULL, NULL, NULL, 'New Location Indore', 'desc', NULL),
(3, '2015-07-20 12:12:08', '2015-07-20 12:12:08', NULL, NULL, NULL, NULL, 'test', 'test', NULL),
(5, '2015-07-22 07:41:48', '2015-07-22 07:41:48', NULL, NULL, NULL, NULL, 'India warehouse', 'desc', NULL);

-- --------------------------------------------------------

--
-- Table structure for table `menus`
--

CREATE TABLE IF NOT EXISTS `menus` (
  `id` int(10) unsigned NOT NULL AUTO_INCREMENT,
  `name` varchar(255) COLLATE utf8_unicode_ci NOT NULL,
  `created_at` timestamp NOT NULL DEFAULT '0000-00-00 00:00:00',
  `updated_at` timestamp NOT NULL DEFAULT '0000-00-00 00:00:00',
  `deleted_at` timestamp NULL DEFAULT NULL,
  PRIMARY KEY (`id`)
) ENGINE=InnoDB  DEFAULT CHARSET=utf8 COLLATE=utf8_unicode_ci AUTO_INCREMENT=2 ;

--
-- Dumping data for table `menus`
--

INSERT INTO `menus` (`id`, `name`, `created_at`, `updated_at`, `deleted_at`) VALUES
(1, 'admin', '0000-00-00 00:00:00', '0000-00-00 00:00:00', NULL);

-- --------------------------------------------------------

--
-- Table structure for table `menu_items`
--

CREATE TABLE IF NOT EXISTS `menu_items` (
  `id` int(10) unsigned NOT NULL AUTO_INCREMENT,
  `menu_id` int(10) unsigned NOT NULL,
  `parent_id` int(11) DEFAULT NULL,
  `sort` int(11) DEFAULT NULL,
  `title` varchar(255) COLLATE utf8_unicode_ci NOT NULL,
  `icon` varchar(255) COLLATE utf8_unicode_ci DEFAULT NULL,
  `action` varchar(255) COLLATE utf8_unicode_ci NOT NULL,
  `created_at` timestamp NOT NULL DEFAULT '0000-00-00 00:00:00',
  `updated_at` timestamp NOT NULL DEFAULT '0000-00-00 00:00:00',
  `deleted_at` timestamp NULL DEFAULT NULL,
  PRIMARY KEY (`id`),
  KEY `menu_items_parent_id_index` (`parent_id`)
) ENGINE=InnoDB  DEFAULT CHARSET=utf8 COLLATE=utf8_unicode_ci AUTO_INCREMENT=17 ;

--
-- Dumping data for table `menu_items`
--

INSERT INTO `menu_items` (`id`, `menu_id`, `parent_id`, `sort`, `title`, `icon`, `action`, `created_at`, `updated_at`, `deleted_at`) VALUES
(1, 1, 0, 1, 'Dashboard', 'dashboard', 'App\\Http\\Controllers\\AdminController@dashboard', '0000-00-00 00:00:00', '0000-00-00 00:00:00', NULL),
(2, 1, 8, 1, 'Users', 'users', 'App\\Http\\Controllers\\UserController@index', '0000-00-00 00:00:00', '0000-00-00 00:00:00', NULL),
(3, 1, 0, 4, 'Reports', 'bar-chart', 'Inventory\\Admin\\Http\\Controllers\\InventoryReportController@inventoryStockByLocation', '0000-00-00 00:00:00', '0000-00-00 00:00:00', NULL),
(4, 1, 3, 1, 'Inventory Stock', NULL, 'Inventory\\Admin\\Http\\Controllers\\InventoryReportController@inventoryStockByLocation', '0000-00-00 00:00:00', '0000-00-00 00:00:00', NULL),
(7, 1, 0, 3, 'Inventory', 'archive', 'Inventory\\Admin\\Http\\Controllers\\InventoryController@index', '0000-00-00 00:00:00', '0000-00-00 00:00:00', NULL),
(8, 1, 0, 5, 'System Settings', 'gear', 'Inventory\\Admin\\Http\\Controllers\\InventoryController@index', '0000-00-00 00:00:00', '0000-00-00 00:00:00', NULL),
(9, 1, 8, 2, 'Locations', '', 'Inventory\\Admin\\Http\\Controllers\\LocationController@index', '0000-00-00 00:00:00', '0000-00-00 00:00:00', NULL),
(10, 1, 8, 1, 'Metrics', '', 'Inventory\\Admin\\Http\\Controllers\\MetricController@index', '0000-00-00 00:00:00', '0000-00-00 00:00:00', NULL),
(11, 1, 8, 1, 'Suppliers', '', 'Inventory\\Admin\\Http\\Controllers\\SupplierController@index', '0000-00-00 00:00:00', '0000-00-00 00:00:00', NULL),
(12, 1, 8, 4, 'Custom fields', NULL, 'Inventory\\Admin\\Http\\Controllers\\CustomFieldsController@index', '0000-00-00 00:00:00', '0000-00-00 00:00:00', NULL),
(13, 1, 0, 6, 'Zizpic Order', 'bar-char', 'Zizpic\\Admin\\Http\\Controllers\\ZizpicCopounCodesController@create', '0000-00-00 00:00:00', '0000-00-00 00:00:00', NULL),
(14, 1, 0, 7, 'Coupons', '', 'Zizpic\\Admin\\Http\\Controllers\\CopounsController@index', '0000-00-00 00:00:00', '0000-00-00 00:00:00', NULL),
(16, 1, 0, 8, 'Zizpic Transactions', NULL, 'Zizpic\\Admin\\Http\\Controllers\\ZizpicTransactionController@index', '0000-00-00 00:00:00', '0000-00-00 00:00:00', NULL);

-- --------------------------------------------------------

--
-- Table structure for table `meta`
--

CREATE TABLE IF NOT EXISTS `meta` (
  `id` int(10) unsigned NOT NULL AUTO_INCREMENT,
  `metable_id` int(10) unsigned NOT NULL,
  `metable_type` varchar(255) COLLATE utf8_unicode_ci NOT NULL,
  `key` varchar(128) COLLATE utf8_unicode_ci NOT NULL,
  `value` text COLLATE utf8_unicode_ci NOT NULL,
  PRIMARY KEY (`id`),
  KEY `meta_metable_id_index` (`metable_id`),
  KEY `meta_key_index` (`key`)
) ENGINE=InnoDB  DEFAULT CHARSET=utf8 COLLATE=utf8_unicode_ci AUTO_INCREMENT=90 ;

--
-- Dumping data for table `meta`
--

INSERT INTO `meta` (`id`, `metable_id`, `metable_type`, `key`, `value`) VALUES
(12, 10, 'App\\User', 'country', 'india'),
(15, 11, 'App\\User', 'country', 'russia'),
(16, 11, 'App\\User', '_method', 'PATCH'),
(17, 12, 'App\\User', 'country', 'russia'),
(18, 12, 'App\\User', 'test', 'testing'),
(19, 13, 'App\\User', 'country', 'india'),
(20, 13, 'App\\User', 'test', 'test'),
(21, 13, 'App\\User', 'Age', '25'),
(22, 13, 'App\\User', '_method', 'PATCH'),
(23, 13, 'App\\User', 'Age', '26'),
(24, 14, 'App\\User', 'country', 'india'),
(25, 14, 'App\\User', 'new_select', 'test2'),
(26, 14, 'App\\User', 'test', 'test'),
(27, 14, 'App\\User', 'Age', '20'),
(36, 15, 'App\\User', 'country', 'russia'),
(37, 15, 'App\\User', 'new_select', 'test3'),
(38, 15, 'App\\User', 'test', 'test'),
(39, 15, 'App\\User', 'Age', '25'),
(40, 15, 'App\\User', '_method', 'PATCH'),
(41, 10, 'App\\User', '_method', 'PATCH'),
(42, 10, 'App\\User', 'new_select', 'test1'),
(43, 10, 'App\\User', 'test', 'text'),
(44, 10, 'App\\User', 'Age', '30'),
(45, 1, 'App\\User', '_method', 'PATCH'),
(46, 1, 'App\\User', 'country', 'india'),
(47, 1, 'App\\User', 'new_select', 'test3'),
(48, 1, 'App\\User', 'new_name', 'test 11'),
(49, 1, 'App\\User', 'test', 'amit'),
(50, 1, 'App\\User', 'Age', '28'),
(51, 10, 'App\\User', 'new_name', 'test2'),
(52, 5, 'Inventory\\Admin\\Models\\Location', 'spot_name', 'spot name'),
(54, 11, 'App\\User', 'country', 'india'),
(55, 11, 'App\\User', 'new_select', 'test 1'),
(56, 11, 'App\\User', 'new_name', 'teste1'),
(57, 11, 'App\\User', 'test', 'test'),
(58, 11, 'App\\User', 'Age', '25'),
(59, 12, 'App\\User', 'country', 'india'),
(60, 12, 'App\\User', 'new_select', 'test 1'),
(61, 12, 'App\\User', 'new_name', 'teste1'),
(62, 12, 'App\\User', 'test', 'textbox'),
(63, 12, 'App\\User', 'Age', '25'),
(64, 12, 'App\\User', 'file_name', '[{}]'),
(65, 13, 'App\\User', 'new_select', 'test 1'),
(66, 13, 'App\\User', 'new_name', 'teste1'),
(67, 13, 'App\\User', 'test', 'textbox'),
(68, 13, 'App\\User', 'file_name', '[{}]'),
(69, 14, 'App\\User', 'new_select', 'test 1'),
(70, 14, 'App\\User', 'new_name', 'teste1'),
(71, 14, 'App\\User', 'file_name', '[null]'),
(72, 14, 'App\\User', '_method', 'PATCH'),
(73, 14, 'App\\User', 'user_image', 'Estimation_sheet_samplev11.0.doc'),
(74, 13, 'App\\User', 'user_image', 'abstract-background1-19.jpg'),
(75, 15, 'App\\User', 'country', 'india'),
(76, 15, 'App\\User', 'new_select', 'test 1'),
(77, 15, 'App\\User', 'new_name', 'teste1'),
(79, 15, 'App\\User', 'file_name', '[{}]'),
(80, 15, 'App\\User', '0', '/user_files/15.jpg'),
(81, 16, 'App\\User', 'country', 'india'),
(82, 16, 'App\\User', 'new_select', 'test 1'),
(83, 16, 'App\\User', 'new_name', 'teste1'),
(84, 16, 'App\\User', 'test', 'sad'),
(85, 16, 'App\\User', 'Age', 'sad'),
(86, 16, 'App\\User', 'file_name', '[null,null]'),
(88, 16, 'App\\User', '_method', 'PATCH'),
(89, 16, 'App\\User', 'file_name_0', '/user_files/16.jpeg');

-- --------------------------------------------------------

--
-- Table structure for table `metrics`
--

CREATE TABLE IF NOT EXISTS `metrics` (
  `id` int(10) unsigned NOT NULL AUTO_INCREMENT,
  `created_at` timestamp NOT NULL DEFAULT '0000-00-00 00:00:00',
  `updated_at` timestamp NOT NULL DEFAULT '0000-00-00 00:00:00',
  `user_id` int(10) unsigned NOT NULL,
  `name` varchar(255) COLLATE utf8_unicode_ci NOT NULL,
  `symbol` varchar(255) COLLATE utf8_unicode_ci NOT NULL,
  PRIMARY KEY (`id`),
  KEY `metrics_user_id_foreign` (`user_id`)
) ENGINE=InnoDB  DEFAULT CHARSET=utf8 COLLATE=utf8_unicode_ci AUTO_INCREMENT=2 ;

--
-- Dumping data for table `metrics`
--

INSERT INTO `metrics` (`id`, `created_at`, `updated_at`, `user_id`, `name`, `symbol`) VALUES
(1, '0000-00-00 00:00:00', '0000-00-00 00:00:00', 1, 'unit', 'unit');

-- --------------------------------------------------------

--
-- Table structure for table `migrations`
--

CREATE TABLE IF NOT EXISTS `migrations` (
  `migration` varchar(255) COLLATE utf8_unicode_ci NOT NULL,
  `batch` int(11) NOT NULL
) ENGINE=InnoDB DEFAULT CHARSET=utf8 COLLATE=utf8_unicode_ci;

--
-- Dumping data for table `migrations`
--

INSERT INTO `migrations` (`migration`, `batch`) VALUES
('2014_07_12_100000_create_users_table', 1),
('2014_07_31_123201_create_metrics_table', 1),
('2014_07_31_123204_create_categories_table', 1),
('2014_07_31_123204_create_locations_table', 1),
('2014_07_31_123213_create_inventory_tables', 1),
('2014_10_12_100000_create_password_resets_table', 1),
('2015_01_20_084450_create_roles_table', 1),
('2015_01_20_084525_create_role_user_table', 1),
('2015_01_24_080208_create_permissions_table', 1),
('2015_01_24_080433_create_permission_role_table', 1),
('2015_03_02_143457_create_inventory_sku_table', 1),
('2015_03_06_135351_create_inventory_supplier_tables', 1),
('2015_03_09_122729_create_inventory_transaction_tables', 1),
('2015_05_05_100032_create_inventory_variants_table', 1),
('2015_05_08_115310_modify_inventory_table_for_assemblies', 1),
('2015_05_08_115523_create_inventory_assemblies_table', 1),
('2015_07_13_114140_create_inventory_move_location_table', 1),
('2015_07_15_144147_create_app_setting_table', 1),
('2015_07_15_144307_create_inventory_bulk_transaction_table', 1),
('2015_07_15_144620_create_inventory_transaction_state_table', 1),
('2015_07_15_144743_create_kit_inventory_map_table', 1),
('2015_07_15_144817_create_kit_stock_map_table', 1),
('2015_07_15_164854_create_session_table', 1),
('2015_07_16_224933_create_menus_table', 1),
('2014_08_15_180252_create_meta_table', 2);

-- --------------------------------------------------------

--
-- Table structure for table `orders`
--

CREATE TABLE IF NOT EXISTS `orders` (
  `id` int(11) NOT NULL AUTO_INCREMENT,
  `package` varchar(255) NOT NULL,
  `zizpic_1_image` varchar(255) NOT NULL,
  `zizpic_2_image` varchar(255) NOT NULL,
  `zizpic_3_image` varchar(255) NOT NULL,
  `zizpic_1_word_1` varchar(255) NOT NULL,
  `zizpic_1_word_2` varchar(255) NOT NULL,
  `zizpic_1_word_3` varchar(255) NOT NULL,
  `zizpic_2_word_1` varchar(255) NOT NULL,
  `zizpic_2_word_2` varchar(255) NOT NULL,
  `zizpic_2_word_3` varchar(255) NOT NULL,
  `zizpic_3_word_1` varchar(255) NOT NULL,
  `zizpic_3_word_2` varchar(255) NOT NULL,
  `zizpic_3_word_3` varchar(255) NOT NULL,
  `name` varchar(255) NOT NULL,
  `email` varchar(255) NOT NULL,
  `phone` varchar(255) NOT NULL,
  `phone_order` varchar(255) NOT NULL,
  `coupon` int(11) NOT NULL,
  `payment_method` varchar(255) NOT NULL,
  `status` varchar(255) NOT NULL,
  `data` text NOT NULL,
  `created_at` datetime NOT NULL,
  `updated_at` datetime DEFAULT NULL,
  PRIMARY KEY (`id`),
  KEY `coupon_index` (`coupon`)
) ENGINE=InnoDB  DEFAULT CHARSET=utf8 AUTO_INCREMENT=125 ;

--
-- Dumping data for table `orders`
--

INSERT INTO `orders` (`id`, `package`, `zizpic_1_image`, `zizpic_2_image`, `zizpic_3_image`, `zizpic_1_word_1`, `zizpic_1_word_2`, `zizpic_1_word_3`, `zizpic_2_word_1`, `zizpic_2_word_2`, `zizpic_2_word_3`, `zizpic_3_word_1`, `zizpic_3_word_2`, `zizpic_3_word_3`, `name`, `email`, `phone`, `phone_order`, `coupon`, `payment_method`, `status`, `data`, `created_at`, `updated_at`) VALUES
(47, '1', '', '', '', '', '', '', '', '', '', '', '', '', 'kundan', 'kroy@gmail.com', '877544524', '45641324', 1, 'paypal', 'success', '', '0000-00-00 00:00:00', '2015-07-29 00:00:00'),
(48, '', '/user_files/1438171598.png', '', '', 'qwqw', '', '', '', '', '', '', '', '', 'qwq', 'pnm@test.com', '07894561230', '', 1, 'paypal', '', '', '2015-07-29 15:06:38', '2015-07-29 15:06:38'),
(49, '', '/user_files/1438171707.png', '', '', 'qwqw', '', '', '', '', '', '', '', '', 'qwq', 'pnm@test.com', '07894561230', '', 1, 'paypal', '', '', '2015-07-29 15:08:27', '2015-07-29 15:08:27'),
(50, '', '/user_files/1438171775.png', '', '', 'qwqw', '', '', '', '', '', '', '', '', 'qwq', 'pnm@test.com', '07894561230', '', 1, 'paypal', '', '', '2015-07-29 15:09:35', '2015-07-29 15:09:35'),
(51, '', '/user_files/1438171818.png', '', '', 'qwqw', '', '', '', '', '', '', '', '', 'qwq', 'pnm@test.com', '07894561230', '', 1, 'paypal', '', '', '2015-07-29 15:10:18', '2015-07-29 15:10:18'),
(52, '', '/user_files/1438171859.png', '', '', 'qwqw', '', '', '', '', '', '', '', '', 'qwq', 'pnm@test.com', '07894561230', '', 1, 'paypal', '', '', '2015-07-29 15:10:59', '2015-07-29 15:10:59'),
(53, '', '/user_files/1438171867.png', '', '', 'qwqw', '', '', '', '', '', '', '', '', 'qwq', 'pnm@test.com', '07894561230', '', 1, 'paypal', '', '', '2015-07-29 15:11:07', '2015-07-29 15:11:07'),
(54, '', '/user_files/1438172202.png', '', '', 'qwqw', '', '', '', '', '', '', '', '', 'qwq', 'pnm@test.com', '07894561230', '', 1, 'paypal', '', '', '2015-07-29 15:16:42', '2015-07-29 15:16:42'),
(55, '', '/user_files/1438172209.png', '', '', 'qwqw', '', '', '', '', '', '', '', '', 'qwq', 'pnm@test.com', '07894561230', '', 1, 'paypal', '', '', '2015-07-29 15:16:49', '2015-07-29 15:16:49'),
(56, '', '/user_files/1438172237.png', '', '', 'qwqw', '', '', '', '', '', '', '', '', 'qwq', 'pnm@test.com', '07894561230', '', 1, 'paypal', '', '', '2015-07-29 15:17:17', '2015-07-29 15:17:17'),
(57, '', '/user_files/1438172250.png', '', '', 'qwqw', '', '', '', '', '', '', '', '', 'qwq', 'pnm@test.com', '07894561230', '', 1, 'paypal', '', '', '2015-07-29 15:17:30', '2015-07-29 15:17:30'),
(58, '', '/user_files/1438172258.png', '', '', 'qwqw', '', '', '', '', '', '', '', '', 'qwq', 'pnm@test.com', '07894561230', '', 1, 'paypal', '', '', '2015-07-29 15:17:38', '2015-07-29 15:17:38'),
(59, '', '/user_files/1438172482.png', '', '', 'qwqw', '', '', '', '', '', '', '', '', 'qwq', 'pnm@test.com', '07894561230', '', 1, 'paypal', '', '', '2015-07-29 15:21:22', '2015-07-29 15:21:22'),
(60, '', '/user_files/1438172507.png', '', '', 'qwqw', '', '', '', '', '', '', '', '', 'qwq', 'pnm@test.com', '07894561230', '', 1, 'paypal', '', '', '2015-07-29 15:21:47', '2015-07-29 15:21:47'),
(61, '', '/user_files/1438172642.png', '', '', 'qwqw', '', '', '', '', '', '', '', '', 'qwq', 'pnm@test.com', '07894561230', '', 1, 'paypal', '', '', '2015-07-29 15:24:02', '2015-07-29 15:24:02'),
(62, '', '/user_files/1438173231.png', '', '', 'qwqw', '', '', '', '', '', '', '', '', 'qwq', 'pnm@test.com', '07894561230', '', 1, 'paypal', '', '', '2015-07-29 15:33:51', '2015-07-29 15:33:51'),
(63, '', '/user_files/1438173273.png', '', '', 'qwqw', '', '', '', '', '', '', '', '', 'qwq', 'pnm@test.com', '07894561230', '', 1, 'paypal', '', '', '2015-07-29 15:34:33', '2015-07-29 15:34:33'),
(64, '', '/user_files/1438173332.png', '', '', 'qwqw', '', '', '', '', '', '', '', '', 'qwq', 'pnm@test.com', '07894561230', '', 1, 'paypal', '', '', '2015-07-29 15:35:32', '2015-07-29 15:35:32'),
(65, '', '/user_files/1438173356.png', '', '', 'qwqw', '', '', '', '', '', '', '', '', 'qwq', 'pnm@test.com', '07894561230', '', 1, 'paypal', '', '', '2015-07-29 15:35:56', '2015-07-29 15:35:56'),
(66, '', '/user_files/1438173643.png', '', '', 'qwqw', '', '', '', '', '', '', '', '', 'qwq', 'pnm@test.com', '07894561230', '', 1, 'paypal', '', '', '2015-07-29 15:40:43', '2015-07-29 15:40:43'),
(67, '', '/user_files/1438173665.png', '', '', 'qwqw', '', '', '', '', '', '', '', '', 'qwq', 'pnm@test.com', '07894561230', '', 1, 'paypal', '', '', '2015-07-29 15:41:05', '2015-07-29 15:41:05'),
(68, '', '/user_files/1438173673.png', '', '', 'qwqw', '', '', '', '', '', '', '', '', 'qwq', 'pnm@test.com', '07894561230', '', 1, 'paypal', '', '', '2015-07-29 15:41:13', '2015-07-29 15:41:13'),
(69, '', '/user_files/1438173684.png', '', '', 'qwqw', '', '', '', '', '', '', '', '', 'qwq', 'pnm@test.com', '07894561230', '', 1, 'paypal', '', '', '2015-07-29 15:41:24', '2015-07-29 15:41:24'),
(70, '', '/user_files/1438173962.png', '', '', 'qwqw', '', '', '', '', '', '', '', '', 'qwq', 'pnm@test.com', '07894561230', '', 1, 'paypal', '', '', '2015-07-29 15:46:02', '2015-07-29 15:46:02'),
(71, '', '/user_files/1438173971.png', '', '', 'qwqw', '', '', '', '', '', '', '', '', 'qwq', 'pnm@test.com', '07894561230', '', 1, 'paypal', '', '', '2015-07-29 15:46:11', '2015-07-29 15:46:11'),
(72, '', '/user_files/1438173989.png', '', '', 'qwqw', '', '', '', '', '', '', '', '', 'qwq', 'pnm@test.com', '07894561230', '', 1, 'paypal', '', '', '2015-07-29 15:46:29', '2015-07-29 15:46:29'),
(73, '', '/user_files/1438174021.png', '', '', 'qwqw', '', '', '', '', '', '', '', '', 'qwq', 'pnm@test.com', '07894561230', '', 1, 'paypal', '', '', '2015-07-29 15:47:01', '2015-07-29 15:47:01'),
(74, '', '/user_files/1438174141.png', '', '', 'qwqw', '', '', '', '', '', '', '', '', 'qwq', 'pnm@test.com', '07894561230', '', 1, 'paypal', '', '', '2015-07-29 15:49:01', '2015-07-29 15:49:01'),
(75, '', '/user_files/1438174229.png', '', '', 'qwqw', '', '', '', '', '', '', '', '', 'qwq', 'pnm@test.com', '07894561230', '', 1, 'paypal', '', '', '2015-07-29 15:50:29', '2015-07-29 15:50:29'),
(76, '', '/user_files/1438174421.png', '', '', 'qwqw', '', '', '', '', '', '', '', '', 'qwq', 'pnm@test.com', '07894561230', '', 1, 'paypal', '', '', '2015-07-29 15:53:41', '2015-07-29 15:53:41'),
(77, '', '/user_files/1438174638.png', '', '', 'qwqw', '', '', '', '', '', '', '', '', 'qwq', 'pnm@test.com', '07894561230', '', 1, 'paypal', '', '', '2015-07-29 15:57:18', '2015-07-29 15:57:18'),
(78, '', '/user_files/1438174660.png', '', '', 'qwqw', '', '', '', '', '', '', '', '', 'qwq', 'pnm@test.com', '07894561230', '', 1, 'paypal', '', '', '2015-07-29 15:57:40', '2015-07-29 15:57:40'),
(79, '', '/user_files/1438174693.png', '', '', 'qwqw', '', '', '', '', '', '', '', '', 'qwq', 'pnm@test.com', '07894561230', '', 1, 'paypal', '', '', '2015-07-29 15:58:13', '2015-07-29 15:58:13'),
(80, '', '/user_files/1438174717.png', '', '', 'qwqw', '', '', '', '', '', '', '', '', 'qwq', 'pnm@test.com', '07894561230', '', 1, 'paypal', '', '', '2015-07-29 15:58:37', '2015-07-29 15:58:37'),
(81, '', '/user_files/1438174772.png', '', '', 'qwqw', '', '', '', '', '', '', '', '', 'qwq', 'pnm@test.com', '07894561230', '', 1, 'paypal', '', '', '2015-07-29 15:59:32', '2015-07-29 15:59:32'),
(82, '', '/user_files/1438176568.png', '', '', 'gfd', 'gfdg', 'fdg', '', '', '', '', '', '', 'amit', 'admin@admin.com', '07894561230', '', 38972, 'paypal', '', '', '2015-07-29 16:29:28', '2015-07-29 16:29:28'),
(83, '', '/user_files/1438177533.png', '', '', 'f', 'dffds', 'dsf', '', '', '', '', '', '', 'amit', 'pnm@test.com', '07894561230', '', 38972, 'paypal', '', '', '2015-07-29 16:45:33', '2015-07-29 16:45:33'),
(84, '', '/user_files/1438178070.png', '', '', '', '', '', '', '', '', '', '', '', 'amit', 'pnm@test.com', '07894561230', '', 38972, 'Paypal', 'SuccessWithWarning', 'a:29:{s:5:"TOKEN";s:20:"EC-8802752762748335M";s:28:"SUCCESSPAGEREDIRECTREQUESTED";s:5:"false";s:9:"TIMESTAMP";s:20:"2015-07-29T13:56:54Z";s:13:"CORRELATIONID";s:13:"a944277c68956";s:3:"ACK";s:18:"SuccessWithWarning";s:7:"VERSION";s:4:"85.0";s:5:"BUILD";s:6:"000000";s:12:"L_ERRORCODE0";s:5:"11607";s:15:"L_SHORTMESSAGE0";s:17:"Duplicate Request";s:14:"L_LONGMESSAGE0";s:67:"A successful transaction has already been completed for this token.";s:15:"L_SEVERITYCODE0";s:7:"Warning";s:23:"INSURANCEOPTIONSELECTED";s:5:"false";s:23:"SHIPPINGOPTIONISDEFAULT";s:5:"false";s:27:"PAYMENTINFO_0_TRANSACTIONID";s:17:"4K396296M3679273E";s:29:"PAYMENTINFO_0_TRANSACTIONTYPE";s:15:"expresscheckout";s:25:"PAYMENTINFO_0_PAYMENTTYPE";s:7:"instant";s:23:"PAYMENTINFO_0_ORDERTIME";s:20:"2015-07-29T13:55:02Z";s:17:"PAYMENTINFO_0_AMT";s:5:"10.00";s:20:"PAYMENTINFO_0_FEEAMT";s:4:"0.69";s:20:"PAYMENTINFO_0_TAXAMT";s:4:"0.00";s:26:"PAYMENTINFO_0_CURRENCYCODE";s:3:"USD";s:27:"PAYMENTINFO_0_PAYMENTSTATUS";s:7:"Pending";s:27:"PAYMENTINFO_0_PENDINGREASON";s:13:"paymentreview";s:24:"PAYMENTINFO_0_REASONCODE";s:4:"None";s:35:"PAYMENTINFO_0_PROTECTIONELIGIBILITY";s:10:"Ineligible";s:39:"PAYMENTINFO_0_PROTECTIONELIGIBILITYTYPE";s:4:"None";s:37:"PAYMENTINFO_0_SECUREMERCHANTACCOUNTID";s:13:"FQWD6ZYMK74S2";s:23:"PAYMENTINFO_0_ERRORCODE";s:1:"0";s:17:"PAYMENTINFO_0_ACK";s:7:"Success";}', '2015-07-29 16:54:30', '2015-07-29 16:56:54'),
(85, '', '/user_files/1438181457.png', '', '', 'gfd', 'gfdg', 'fdg', '', '', '', '', '', '', 'amit', 'pnm@test.com', '07894561230', '07894561230', 38981, 'by phone', '', '', '2015-07-29 17:50:57', '2015-07-29 17:50:57'),
(86, '', '', '', '', 'gfd', 'gfdg', 'fdg', '', '', '', '', '', '', 'fds', 'pnm@test.com', '07894561230', '', 38976, 'Paypal', 'Success', 'a:27:{s:5:"TOKEN";s:20:"EC-3P1190893F967484G";s:28:"SUCCESSPAGEREDIRECTREQUESTED";s:5:"false";s:9:"TIMESTAMP";s:20:"2015-07-29T17:43:00Z";s:13:"CORRELATIONID";s:13:"715712b39ff99";s:3:"ACK";s:7:"Success";s:7:"VERSION";s:4:"85.0";s:5:"BUILD";s:6:"000000";s:23:"INSURANCEOPTIONSELECTED";s:5:"false";s:23:"SHIPPINGOPTIONISDEFAULT";s:5:"false";s:27:"PAYMENTINFO_0_TRANSACTIONID";s:17:"6M504373RF440464D";s:29:"PAYMENTINFO_0_TRANSACTIONTYPE";s:15:"expresscheckout";s:25:"PAYMENTINFO_0_PAYMENTTYPE";s:7:"instant";s:23:"PAYMENTINFO_0_ORDERTIME";s:20:"2015-07-29T17:43:00Z";s:17:"PAYMENTINFO_0_AMT";s:5:"25.00";s:20:"PAYMENTINFO_0_FEEAMT";s:4:"2.18";s:23:"PAYMENTINFO_0_SETTLEAMT";s:4:"6.22";s:20:"PAYMENTINFO_0_TAXAMT";s:4:"0.00";s:26:"PAYMENTINFO_0_CURRENCYCODE";s:3:"ILS";s:26:"PAYMENTINFO_0_EXCHANGERATE";s:8:"0.272593";s:27:"PAYMENTINFO_0_PAYMENTSTATUS";s:7:"Pending";s:27:"PAYMENTINFO_0_PENDINGREASON";s:13:"paymentreview";s:24:"PAYMENTINFO_0_REASONCODE";s:4:"None";s:35:"PAYMENTINFO_0_PROTECTIONELIGIBILITY";s:10:"Ineligible";s:39:"PAYMENTINFO_0_PROTECTIONELIGIBILITYTYPE";s:4:"None";s:37:"PAYMENTINFO_0_SECUREMERCHANTACCOUNTID";s:13:"FQWD6ZYMK74S2";s:23:"PAYMENTINFO_0_ERRORCODE";s:1:"0";s:17:"PAYMENTINFO_0_ACK";s:7:"Success";}', '2015-07-29 20:42:26', '2015-07-29 20:43:00'),
(87, '', '', '', '', 'J7SP4L', 'J7SP4L', 'J7SP4L', '', '', '', '', '', '', 'J7SP4L', 'J7SP4L@gmail.com', '46874154', '', 38975, 'Paypal', 'SuccessWithWarning', 'a:29:{s:5:"TOKEN";s:20:"EC-65259745H2192350W";s:28:"SUCCESSPAGEREDIRECTREQUESTED";s:5:"false";s:9:"TIMESTAMP";s:20:"2015-07-29T17:55:11Z";s:13:"CORRELATIONID";s:13:"9b7a6897f26ec";s:3:"ACK";s:18:"SuccessWithWarning";s:7:"VERSION";s:4:"85.0";s:5:"BUILD";s:6:"000000";s:12:"L_ERRORCODE0";s:5:"11607";s:15:"L_SHORTMESSAGE0";s:17:"Duplicate Request";s:14:"L_LONGMESSAGE0";s:67:"A successful transaction has already been completed for this token.";s:15:"L_SEVERITYCODE0";s:7:"Warning";s:23:"INSURANCEOPTIONSELECTED";s:5:"false";s:23:"SHIPPINGOPTIONISDEFAULT";s:5:"false";s:27:"PAYMENTINFO_0_TRANSACTIONID";s:17:"1VS17009NV769423V";s:29:"PAYMENTINFO_0_TRANSACTIONTYPE";s:15:"expresscheckout";s:25:"PAYMENTINFO_0_PAYMENTTYPE";s:7:"instant";s:23:"PAYMENTINFO_0_ORDERTIME";s:20:"2015-07-29T17:52:30Z";s:17:"PAYMENTINFO_0_AMT";s:5:"10.00";s:20:"PAYMENTINFO_0_FEEAMT";s:4:"0.69";s:20:"PAYMENTINFO_0_TAXAMT";s:4:"0.00";s:26:"PAYMENTINFO_0_CURRENCYCODE";s:3:"USD";s:27:"PAYMENTINFO_0_PAYMENTSTATUS";s:7:"Pending";s:27:"PAYMENTINFO_0_PENDINGREASON";s:13:"paymentreview";s:24:"PAYMENTINFO_0_REASONCODE";s:4:"None";s:35:"PAYMENTINFO_0_PROTECTIONELIGIBILITY";s:10:"Ineligible";s:39:"PAYMENTINFO_0_PROTECTIONELIGIBILITYTYPE";s:4:"None";s:37:"PAYMENTINFO_0_SECUREMERCHANTACCOUNTID";s:13:"FQWD6ZYMK74S2";s:23:"PAYMENTINFO_0_ERRORCODE";s:1:"0";s:17:"PAYMENTINFO_0_ACK";s:7:"Success";}', '2015-07-29 20:51:53', '2015-07-29 20:55:11'),
(88, '', '/user_files/1438193083.sql', '', '', 'gfdtyh', 'tfg', 'gfh', '', '', '', '', '', '', 'gfhfgh', 'pnm@test.com', '07894561230', '', 38976, 'paypal', '', '', '2015-07-29 21:04:43', '2015-07-29 21:04:43'),
(89, '', '/user_files/1438193167.sql', '', '', 'gfdtyh', 'tfg', 'gfh', '', '', '', '', '', '', 'gfhfgh', 'pnm@test.com', '07894561230', '', 38976, 'Paypal', 'SuccessWithWarning', 'a:29:{s:5:"TOKEN";s:20:"EC-75E4280400140200N";s:28:"SUCCESSPAGEREDIRECTREQUESTED";s:5:"false";s:9:"TIMESTAMP";s:20:"2015-07-29T18:07:33Z";s:13:"CORRELATIONID";s:12:"daf12d9485bf";s:3:"ACK";s:18:"SuccessWithWarning";s:7:"VERSION";s:4:"85.0";s:5:"BUILD";s:6:"000000";s:12:"L_ERRORCODE0";s:5:"11607";s:15:"L_SHORTMESSAGE0";s:17:"Duplicate Request";s:14:"L_LONGMESSAGE0";s:67:"A successful transaction has already been completed for this token.";s:15:"L_SEVERITYCODE0";s:7:"Warning";s:23:"INSURANCEOPTIONSELECTED";s:5:"false";s:23:"SHIPPINGOPTIONISDEFAULT";s:5:"false";s:27:"PAYMENTINFO_0_TRANSACTIONID";s:17:"09M89993PH468602U";s:29:"PAYMENTINFO_0_TRANSACTIONTYPE";s:15:"expresscheckout";s:25:"PAYMENTINFO_0_PAYMENTTYPE";s:7:"instant";s:23:"PAYMENTINFO_0_ORDERTIME";s:20:"2015-07-29T18:06:38Z";s:17:"PAYMENTINFO_0_AMT";s:5:"10.00";s:20:"PAYMENTINFO_0_FEEAMT";s:4:"0.69";s:20:"PAYMENTINFO_0_TAXAMT";s:4:"0.00";s:26:"PAYMENTINFO_0_CURRENCYCODE";s:3:"USD";s:27:"PAYMENTINFO_0_PAYMENTSTATUS";s:7:"Pending";s:27:"PAYMENTINFO_0_PENDINGREASON";s:13:"paymentreview";s:24:"PAYMENTINFO_0_REASONCODE";s:4:"None";s:35:"PAYMENTINFO_0_PROTECTIONELIGIBILITY";s:10:"Ineligible";s:39:"PAYMENTINFO_0_PROTECTIONELIGIBILITYTYPE";s:4:"None";s:37:"PAYMENTINFO_0_SECUREMERCHANTACCOUNTID";s:13:"FQWD6ZYMK74S2";s:23:"PAYMENTINFO_0_ERRORCODE";s:1:"0";s:17:"PAYMENTINFO_0_ACK";s:7:"Success";}', '2015-07-29 21:06:07', '2015-07-29 21:07:33'),
(90, '', '/user_files/1438193365.sql', '', '', 'sad', 'sad', 'sd', '', '', '', '', '', '', 'amit', 'pnm@test.com', '07894561230', '', 38975, 'paypal', '', '', '2015-07-29 21:09:25', '2015-07-29 21:09:25'),
(91, '', '/user_files/1438193602.md', '', '', 'fdgfd', 'gfdgf', 'gfdg', '', '', '', '', '', '', 'fdgfdg', 'pnm@test.com', '07894561230', '', 38975, 'paypal', '', '', '2015-07-29 21:13:22', '2015-07-29 21:13:22'),
(92, '', '/user_files/1438193665.md', '', '', 'fdgfd', 'gfdgf', 'gfdg', '', '', '', '', '', '', 'fdgfdg', 'pnm@test.com', '07894561230', '', 38975, 'paypal', '', '', '2015-07-29 21:14:25', '2015-07-29 21:14:25'),
(94, '', '', '', '', '', '', '', '', '', '', '', '', '', '', '', '', '', 1, '', '', '', '2015-07-29 21:18:12', '2015-07-29 21:18:12'),
(95, '', '/user_files/1438194001.md', '', '', 'fdgfd', 'gfdgf', 'gfdg', '', '', '', '', '', '', 'fdgfdg', 'pnm@test.com', '07894561230', '', 38975, 'Paypal', 'Success', 'a:29:{s:5:"TOKEN";s:20:"EC-32E281151J736482E";s:28:"SUCCESSPAGEREDIRECTREQUESTED";s:5:"false";s:9:"TIMESTAMP";s:20:"2015-07-29T18:29:36Z";s:13:"CORRELATIONID";s:13:"36bed78c3af17";s:3:"ACK";s:18:"SuccessWithWarning";s:7:"VERSION";s:4:"85.0";s:5:"BUILD";s:6:"000000";s:12:"L_ERRORCODE0";s:5:"11607";s:15:"L_SHORTMESSAGE0";s:17:"Duplicate Request";s:14:"L_LONGMESSAGE0";s:67:"A successful transaction has already been completed for this token.";s:15:"L_SEVERITYCODE0";s:7:"Warning";s:23:"INSURANCEOPTIONSELECTED";s:5:"false";s:23:"SHIPPINGOPTIONISDEFAULT";s:5:"false";s:27:"PAYMENTINFO_0_TRANSACTIONID";s:17:"1U3028768X5283910";s:29:"PAYMENTINFO_0_TRANSACTIONTYPE";s:15:"expresscheckout";s:25:"PAYMENTINFO_0_PAYMENTTYPE";s:7:"instant";s:23:"PAYMENTINFO_0_ORDERTIME";s:20:"2015-07-29T18:20:28Z";s:17:"PAYMENTINFO_0_AMT";s:5:"10.00";s:20:"PAYMENTINFO_0_FEEAMT";s:4:"0.69";s:20:"PAYMENTINFO_0_TAXAMT";s:4:"0.00";s:26:"PAYMENTINFO_0_CURRENCYCODE";s:3:"USD";s:27:"PAYMENTINFO_0_PAYMENTSTATUS";s:7:"Pending";s:27:"PAYMENTINFO_0_PENDINGREASON";s:13:"paymentreview";s:24:"PAYMENTINFO_0_REASONCODE";s:4:"None";s:35:"PAYMENTINFO_0_PROTECTIONELIGIBILITY";s:10:"Ineligible";s:39:"PAYMENTINFO_0_PROTECTIONELIGIBILITYTYPE";s:4:"None";s:37:"PAYMENTINFO_0_SECUREMERCHANTACCOUNTID";s:13:"FQWD6ZYMK74S2";s:23:"PAYMENTINFO_0_ERRORCODE";s:1:"0";s:17:"PAYMENTINFO_0_ACK";s:7:"Success";}', '2015-07-29 21:20:01', '2015-07-29 21:29:36'),
(96, '', '/user_files/1438194192.gitattributes', '', '', 'dsf', 'dsf', 'dsf', '', '', '', '', '', '', 'amit', 'pnm@test.com', '07894561230', '07894561230', 38974, 'by phone', '', '', '2015-07-29 21:23:12', '2015-07-29 21:23:12'),
(97, '', '/user_files/1438194352.', '/user_files/1438194352.json', '/user_files/1438194352.lock', 'sdfsf', '', '', '', '', '', '', '', '', 'dsfdsf', 'pnm@test.com', 'dsf', '07894561230', 38974, 'by phone', '', '', '2015-07-29 21:25:52', '2015-07-29 21:25:52'),
(98, '', '/user_files/1438194439.', '/user_files/1438194439.json', '/user_files/1438194439.lock', 'sdfsf', '', '', '', '', '', '', '', '', 'dsfdsf', 'pnm@test.com', 'dsf', '07894561230', 38974, 'by phone', '', '', '2015-07-29 21:27:19', '2015-07-29 21:27:19'),
(99, '', '/user_files/1438195012.md', '/user_files/1438195012.php', '/user_files/1438195012.xml', 'z1', 'fdsf', 'dsf', 'dsf', 'dsf', 'dsf', 'dsf', 'dsf', 'dsf', 'fdsf', 'pnm@test.com', '07894561230', '', 38974, 'Paypal', 'Success', 'a:25:{s:5:"TOKEN";s:20:"EC-4BR96393P7274825M";s:28:"SUCCESSPAGEREDIRECTREQUESTED";s:5:"false";s:9:"TIMESTAMP";s:20:"2015-07-29T18:37:20Z";s:13:"CORRELATIONID";s:13:"6afc11db5ddba";s:3:"ACK";s:7:"Success";s:7:"VERSION";s:4:"85.0";s:5:"BUILD";s:6:"000000";s:23:"INSURANCEOPTIONSELECTED";s:5:"false";s:23:"SHIPPINGOPTIONISDEFAULT";s:5:"false";s:27:"PAYMENTINFO_0_TRANSACTIONID";s:17:"1KR90345YK681552P";s:29:"PAYMENTINFO_0_TRANSACTIONTYPE";s:15:"expresscheckout";s:25:"PAYMENTINFO_0_PAYMENTTYPE";s:7:"instant";s:23:"PAYMENTINFO_0_ORDERTIME";s:20:"2015-07-29T18:37:19Z";s:17:"PAYMENTINFO_0_AMT";s:5:"30.00";s:20:"PAYMENTINFO_0_FEEAMT";s:4:"1.47";s:20:"PAYMENTINFO_0_TAXAMT";s:4:"0.00";s:26:"PAYMENTINFO_0_CURRENCYCODE";s:3:"USD";s:27:"PAYMENTINFO_0_PAYMENTSTATUS";s:7:"Pending";s:27:"PAYMENTINFO_0_PENDINGREASON";s:13:"paymentreview";s:24:"PAYMENTINFO_0_REASONCODE";s:4:"None";s:35:"PAYMENTINFO_0_PROTECTIONELIGIBILITY";s:10:"Ineligible";s:39:"PAYMENTINFO_0_PROTECTIONELIGIBILITYTYPE";s:4:"None";s:37:"PAYMENTINFO_0_SECUREMERCHANTACCOUNTID";s:13:"FQWD6ZYMK74S2";s:23:"PAYMENTINFO_0_ERRORCODE";s:1:"0";s:17:"PAYMENTINFO_0_ACK";s:7:"Success";}', '2015-07-29 21:36:52', '2015-07-29 21:37:20'),
(100, '', '/user_files/1438195087.php', '', '', 'df', '', '', '', '', '', '', '', '', 'amit', 'pnm@test.com', '07894561230', '', 38973, 'Paypal', 'Success', 'a:27:{s:5:"TOKEN";s:20:"EC-2AF193094D739071C";s:28:"SUCCESSPAGEREDIRECTREQUESTED";s:5:"false";s:9:"TIMESTAMP";s:20:"2015-07-29T18:38:41Z";s:13:"CORRELATIONID";s:13:"7c5ee7994ac6b";s:3:"ACK";s:7:"Success";s:7:"VERSION";s:4:"85.0";s:5:"BUILD";s:6:"000000";s:23:"INSURANCEOPTIONSELECTED";s:5:"false";s:23:"SHIPPINGOPTIONISDEFAULT";s:5:"false";s:27:"PAYMENTINFO_0_TRANSACTIONID";s:17:"0J656318H96351515";s:29:"PAYMENTINFO_0_TRANSACTIONTYPE";s:15:"expresscheckout";s:25:"PAYMENTINFO_0_PAYMENTTYPE";s:7:"instant";s:23:"PAYMENTINFO_0_ORDERTIME";s:20:"2015-07-29T18:38:41Z";s:17:"PAYMENTINFO_0_AMT";s:5:"25.00";s:20:"PAYMENTINFO_0_FEEAMT";s:4:"2.18";s:23:"PAYMENTINFO_0_SETTLEAMT";s:4:"6.22";s:20:"PAYMENTINFO_0_TAXAMT";s:4:"0.00";s:26:"PAYMENTINFO_0_CURRENCYCODE";s:3:"ILS";s:26:"PAYMENTINFO_0_EXCHANGERATE";s:8:"0.272593";s:27:"PAYMENTINFO_0_PAYMENTSTATUS";s:7:"Pending";s:27:"PAYMENTINFO_0_PENDINGREASON";s:13:"paymentreview";s:24:"PAYMENTINFO_0_REASONCODE";s:4:"None";s:35:"PAYMENTINFO_0_PROTECTIONELIGIBILITY";s:10:"Ineligible";s:39:"PAYMENTINFO_0_PROTECTIONELIGIBILITYTYPE";s:4:"None";s:37:"PAYMENTINFO_0_SECUREMERCHANTACCOUNTID";s:13:"FQWD6ZYMK74S2";s:23:"PAYMENTINFO_0_ERRORCODE";s:1:"0";s:17:"PAYMENTINFO_0_ACK";s:7:"Success";}', '2015-07-29 21:38:07', '2015-07-29 21:38:42'),
(101, '', '/user_files/1438195221.php', '/user_files/1438195221.php', '/user_files/1438195221.php', '', '', '', '', '', '', '', '', '', 'retre', 'pnm@test.com', 'ret', '', 38974, 'paypal', '', '', '2015-07-29 21:40:21', '2015-07-29 21:40:21'),
(102, '', '/user_files/1438195271.php', '/user_files/1438195271.php', '/user_files/1438195271.php', 'fgd', 'gf', '', '', 'gfdgfd', '', '', '', 'gfdg', 'amit', 'pnm@test.com', '07894561230', '', 38973, 'paypal', '', '', '2015-07-29 21:41:11', '2015-07-29 21:41:11'),
(103, '', '/user_files/1438195362.php', '/user_files/1438195362.php', '/user_files/1438195362.php', 'dsf', 'dsf', 'dsf', 'fdsf', 'dsf', 'dsf', 'dsf', 'sf', 'dsf', 'amit', 'pnm@test.com', '07894561230', '', 38973, 'paypal', '', '', '2015-07-29 21:42:42', '2015-07-29 21:42:42'),
(104, '', '/user_files/1438195413.php', '/user_files/1438195413.php', '/user_files/1438195413.php', 'dsf', 'dsf', 'dsf', 'fdsf', 'dsf', 'dsf', 'dsf', 'sf', 'dsf', 'amit', 'pnm@test.com', '07894561230', '', 38973, 'paypal', '', '', '2015-07-29 21:43:33', '2015-07-29 21:43:33'),
(105, '', '/user_files/1438197015.png', '', '', 'ewrew', 'ewrew', 'ewrr', '', '', '', '', '', '', 'amit', 'pnm@test.com', '07894561230', '', 38984, 'paypal', '', '', '2015-07-29 22:10:15', '2015-07-29 22:10:15'),
(106, '', '/user_files/1438197243.png', '', '', 'ewrew', 'ewrew', 'ewrr', '', '', '', '', '', '', 'amit', 'pnm@test.com', '07894561230', '', 38984, 'paypal', '', '', '2015-07-29 22:14:03', '2015-07-29 22:14:03'),
(107, '', '/user_files/1438197341.png', '', '', 'ewrew', 'ewrew', 'ewrr', '', '', '', '', '', '', 'amit', 'pnm@test.com', '07894561230', '', 38984, 'paypal', '', '', '2015-07-29 22:15:41', '2015-07-29 22:15:41'),
(108, '', '/user_files/1438197406.jpg', '', '', 'dfd', '', '', '', '', '', '', '', '', 'fdsf', 'pnm@test.com', '07894561230', '', 38983, 'Paypal', 'Success', 'a:25:{s:5:"TOKEN";s:20:"EC-13D67503AR378254P";s:28:"SUCCESSPAGEREDIRECTREQUESTED";s:5:"false";s:9:"TIMESTAMP";s:20:"2015-07-29T19:17:10Z";s:13:"CORRELATIONID";s:13:"3a4983369c35f";s:3:"ACK";s:7:"Success";s:7:"VERSION";s:4:"85.0";s:5:"BUILD";s:6:"000000";s:23:"INSURANCEOPTIONSELECTED";s:5:"false";s:23:"SHIPPINGOPTIONISDEFAULT";s:5:"false";s:27:"PAYMENTINFO_0_TRANSACTIONID";s:17:"98M10152TB120940L";s:29:"PAYMENTINFO_0_TRANSACTIONTYPE";s:15:"expresscheckout";s:25:"PAYMENTINFO_0_PAYMENTTYPE";s:7:"instant";s:23:"PAYMENTINFO_0_ORDERTIME";s:20:"2015-07-29T19:17:09Z";s:17:"PAYMENTINFO_0_AMT";s:5:"10.00";s:20:"PAYMENTINFO_0_FEEAMT";s:4:"0.69";s:20:"PAYMENTINFO_0_TAXAMT";s:4:"0.00";s:26:"PAYMENTINFO_0_CURRENCYCODE";s:3:"USD";s:27:"PAYMENTINFO_0_PAYMENTSTATUS";s:7:"Pending";s:27:"PAYMENTINFO_0_PENDINGREASON";s:13:"paymentreview";s:24:"PAYMENTINFO_0_REASONCODE";s:4:"None";s:35:"PAYMENTINFO_0_PROTECTIONELIGIBILITY";s:10:"Ineligible";s:39:"PAYMENTINFO_0_PROTECTIONELIGIBILITYTYPE";s:4:"None";s:37:"PAYMENTINFO_0_SECUREMERCHANTACCOUNTID";s:13:"FQWD6ZYMK74S2";s:23:"PAYMENTINFO_0_ERRORCODE";s:1:"0";s:17:"PAYMENTINFO_0_ACK";s:7:"Success";}', '2015-07-29 22:16:46', '2015-07-29 22:17:10'),
(109, '', '/user_files/1438239480.jpg', '', '', 'dfg', 'gfdgfd', 'gfdg', '', '', '', '', '', '', 'amit', 'pnm@test.com', '07894561230', '', 38972, 'paypal', '', '', '2015-07-30 09:58:00', '2015-07-30 09:58:00'),
(110, '', '/user_files/1438239881.jpeg', '', '', 'gfd', 'gfdg', 'fdg', '', '', '', '', '', '', 'amit', 'pnm@test.com', '07894561230', '', 38972, 'paypal', '', '', '2015-07-30 10:04:41', '2015-07-30 10:04:41'),
(111, '', '/user_files/1438239945.jpg', '', '', 'fdsf', 'dsfd', 'sf', '', '', '', '', '', '', 'amit', 'pnm@test.com', '07894561230', '', 38981, 'paypal', '', '', '2015-07-30 10:05:45', '2015-07-30 10:05:45'),
(112, '', '/user_files/1438239966.jpg', '', '', 'fdsf', 'dsfd', 'sf', '', '', '', '', '', '', 'amit', 'pnm@test.com', '07894561230', '', 38984, 'paypal', '', '', '2015-07-30 10:06:06', '2015-07-30 10:06:06'),
(114, '', '/user_files/1438240486.jpg', '/user_files/1438240486.jpeg', '/user_files/1438240486.jpg', '', '', '', '', '', '', '', '', '', 'amit', 'pnm@test.com', '07894561230', '07894561230', 0, 'by phone', '', '', '2015-07-30 10:14:46', '2015-07-30 10:14:46'),
(115, '', '/user_files/1438240682.jpg', '/user_files/1438240682.jpg', '/user_files/1438240682.jpeg', 'gfd', '', '', '', 'fdg', '', '', '', 'fdg', 'amit', 'pnm@test.com', '07894561230', '07894561230', 0, 'by phone', '', '', '2015-07-30 10:18:02', '2015-07-30 10:18:02'),
(116, '', '/user_files/1438243326.jpg', '/user_files/1438243326.jpg', '/user_files/1438243326.jpeg', 'fdgfdgfdg', '', '', 'fg', '', 'fdg', '', '', '', 'amit', 'pnm@test.com', '07894561230', '', 0, 'paypal', '', '', '2015-07-30 11:02:06', '2015-07-30 11:02:06'),
(117, '', '/user_files/1438243339.jpg', '/user_files/1438243339.jpg', '/user_files/1438243339.jpeg', 'fdgfdgfdg', '', '', 'fg', '', 'fdg', '', '', '', 'amit', 'pnm@test.com', '07894561230', '', 0, 'Paypal', 'Success', 'a:27:{s:5:"TOKEN";s:20:"EC-66F151209S428891M";s:28:"SUCCESSPAGEREDIRECTREQUESTED";s:5:"false";s:9:"TIMESTAMP";s:20:"2015-07-30T08:02:51Z";s:13:"CORRELATIONID";s:13:"2f2bcd784ce03";s:3:"ACK";s:7:"Success";s:7:"VERSION";s:4:"85.0";s:5:"BUILD";s:6:"000000";s:23:"INSURANCEOPTIONSELECTED";s:5:"false";s:23:"SHIPPINGOPTIONISDEFAULT";s:5:"false";s:27:"PAYMENTINFO_0_TRANSACTIONID";s:17:"03F38522G64567620";s:29:"PAYMENTINFO_0_TRANSACTIONTYPE";s:15:"expresscheckout";s:25:"PAYMENTINFO_0_PAYMENTTYPE";s:7:"instant";s:23:"PAYMENTINFO_0_ORDERTIME";s:20:"2015-07-30T08:02:50Z";s:17:"PAYMENTINFO_0_AMT";s:6:"155.00";s:20:"PAYMENTINFO_0_FEEAMT";s:4:"7.25";s:23:"PAYMENTINFO_0_SETTLEAMT";s:5:"40.27";s:20:"PAYMENTINFO_0_TAXAMT";s:4:"0.00";s:26:"PAYMENTINFO_0_CURRENCYCODE";s:3:"ILS";s:26:"PAYMENTINFO_0_EXCHANGERATE";s:8:"0.272593";s:27:"PAYMENTINFO_0_PAYMENTSTATUS";s:7:"Pending";s:27:"PAYMENTINFO_0_PENDINGREASON";s:13:"paymentreview";s:24:"PAYMENTINFO_0_REASONCODE";s:4:"None";s:35:"PAYMENTINFO_0_PROTECTIONELIGIBILITY";s:10:"Ineligible";s:39:"PAYMENTINFO_0_PROTECTIONELIGIBILITYTYPE";s:4:"None";s:37:"PAYMENTINFO_0_SECUREMERCHANTACCOUNTID";s:13:"FQWD6ZYMK74S2";s:23:"PAYMENTINFO_0_ERRORCODE";s:1:"0";s:17:"PAYMENTINFO_0_ACK";s:7:"Success";}', '2015-07-30 11:02:19', '2015-07-30 11:02:51'),
(118, '', '/user_files/1438243449.jpg', '', '', 'gfd', 'gfdg', 'fdg', '', '', '', '', '', '', 'amit', 'pnm@test.com', '07894561230', '', 0, 'paypal', '', '', '2015-07-30 11:04:09', '2015-07-30 11:04:09'),
(119, '', '', '', '', 'fdg', 'fgfdg', 'dgfdf', '', '', '', '', '', '', 'gfdgfd', 'pnm@test.com', '07894561230', '', 0, 'paypal', '', '', '2015-07-30 11:15:26', '2015-07-30 11:15:26'),
(120, '', '/user_files/1438244514.jpg', '', '', 'gfdg', 'fdgfdg', 'fdg', '', '', '', '', '', '', 'amit', 'pnm@test.com', '07894561230', '', 0, 'paypal', '', '', '2015-07-30 11:21:54', '2015-07-30 11:21:54'),
(121, '', '/user_files/1438244714.jpg', '', '', 'fdg', 'fdgfdgfd', 'gfdg', '', '', '', '', '', '', 'amit', 'pnm@test.com', '07894561230', '', 38976, 'Paypal', 'Success', 'a:27:{s:5:"TOKEN";s:20:"EC-6XW95984PB977052C";s:28:"SUCCESSPAGEREDIRECTREQUESTED";s:5:"false";s:9:"TIMESTAMP";s:20:"2015-07-30T08:25:36Z";s:13:"CORRELATIONID";s:13:"825d2eb63b6f6";s:3:"ACK";s:7:"Success";s:7:"VERSION";s:4:"85.0";s:5:"BUILD";s:6:"000000";s:23:"INSURANCEOPTIONSELECTED";s:5:"false";s:23:"SHIPPINGOPTIONISDEFAULT";s:5:"false";s:27:"PAYMENTINFO_0_TRANSACTIONID";s:17:"69A93599BW379944L";s:29:"PAYMENTINFO_0_TRANSACTIONTYPE";s:15:"expresscheckout";s:25:"PAYMENTINFO_0_PAYMENTTYPE";s:7:"instant";s:23:"PAYMENTINFO_0_ORDERTIME";s:20:"2015-07-30T08:25:36Z";s:17:"PAYMENTINFO_0_AMT";s:5:"45.00";s:20:"PAYMENTINFO_0_FEEAMT";s:4:"2.96";s:23:"PAYMENTINFO_0_SETTLEAMT";s:5:"11.45";s:20:"PAYMENTINFO_0_TAXAMT";s:4:"0.00";s:26:"PAYMENTINFO_0_CURRENCYCODE";s:3:"ILS";s:26:"PAYMENTINFO_0_EXCHANGERATE";s:8:"0.272593";s:27:"PAYMENTINFO_0_PAYMENTSTATUS";s:7:"Pending";s:27:"PAYMENTINFO_0_PENDINGREASON";s:13:"paymentreview";s:24:"PAYMENTINFO_0_REASONCODE";s:4:"None";s:35:"PAYMENTINFO_0_PROTECTIONELIGIBILITY";s:10:"Ineligible";s:39:"PAYMENTINFO_0_PROTECTIONELIGIBILITYTYPE";s:4:"None";s:37:"PAYMENTINFO_0_SECUREMERCHANTACCOUNTID";s:13:"FQWD6ZYMK74S2";s:23:"PAYMENTINFO_0_ERRORCODE";s:1:"0";s:17:"PAYMENTINFO_0_ACK";s:7:"Success";}', '2015-07-30 11:25:14', '2015-07-30 11:25:36'),
(122, '', '/user_files/1438244841.jpg', '', '', 'fdgfg', 'fdg', 'fdgfd', '', '', '', '', '', '', 'amit', 'pnm@test.com', '07894561230', '', 0, 'Paypal', 'Failure', '', '2015-07-30 11:27:21', '2015-07-30 11:28:08'),
(123, '', '/user_files/1438269401.jpeg', '/user_files/1438269401.jpeg', '/user_files/1438269401.jpeg', '', '', '', '', '', '', '', '', '', 'amit', 'pnm@test.com', '07894561230', '', 0, 'Paypal', 'Success', 'a:25:{s:5:"TOKEN";s:20:"EC-6HR214308K625431F";s:28:"SUCCESSPAGEREDIRECTREQUESTED";s:5:"false";s:9:"TIMESTAMP";s:20:"2015-07-30T15:21:06Z";s:13:"CORRELATIONID";s:12:"521fd611ae10";s:3:"ACK";s:7:"Success";s:7:"VERSION";s:4:"85.0";s:5:"BUILD";s:6:"000000";s:23:"INSURANCEOPTIONSELECTED";s:5:"false";s:23:"SHIPPINGOPTIONISDEFAULT";s:5:"false";s:27:"PAYMENTINFO_0_TRANSACTIONID";s:17:"9DN451563Y9029239";s:29:"PAYMENTINFO_0_TRANSACTIONTYPE";s:15:"expresscheckout";s:25:"PAYMENTINFO_0_PAYMENTTYPE";s:7:"instant";s:23:"PAYMENTINFO_0_ORDERTIME";s:20:"2015-07-30T15:21:05Z";s:17:"PAYMENTINFO_0_AMT";s:5:"40.00";s:20:"PAYMENTINFO_0_FEEAMT";s:4:"1.86";s:20:"PAYMENTINFO_0_TAXAMT";s:4:"0.00";s:26:"PAYMENTINFO_0_CURRENCYCODE";s:3:"USD";s:27:"PAYMENTINFO_0_PAYMENTSTATUS";s:7:"Pending";s:27:"PAYMENTINFO_0_PENDINGREASON";s:13:"paymentreview";s:24:"PAYMENTINFO_0_REASONCODE";s:4:"None";s:35:"PAYMENTINFO_0_PROTECTIONELIGIBILITY";s:10:"Ineligible";s:39:"PAYMENTINFO_0_PROTECTIONELIGIBILITYTYPE";s:4:"None";s:37:"PAYMENTINFO_0_SECUREMERCHANTACCOUNTID";s:13:"FQWD6ZYMK74S2";s:23:"PAYMENTINFO_0_ERRORCODE";s:1:"0";s:17:"PAYMENTINFO_0_ACK";s:7:"Success";}', '2015-07-30 18:16:41', '2015-07-30 18:21:06'),
(124, '', '/user_files/1438269866.jpg', '', '', 'fd', 'fdsf', 'dsf', '', '', '', '', '', '', 'amit', 'pnm@test.com', '07894561230', '', 0, 'Paypal', 'Success', 'a:25:{s:5:"TOKEN";s:20:"EC-84Y36322D76413231";s:28:"SUCCESSPAGEREDIRECTREQUESTED";s:5:"false";s:9:"TIMESTAMP";s:20:"2015-07-30T15:27:51Z";s:13:"CORRELATIONID";s:13:"9f3c25ec4525e";s:3:"ACK";s:7:"Success";s:7:"VERSION";s:4:"85.0";s:5:"BUILD";s:6:"000000";s:23:"INSURANCEOPTIONSELECTED";s:5:"false";s:23:"SHIPPINGOPTIONISDEFAULT";s:5:"false";s:27:"PAYMENTINFO_0_TRANSACTIONID";s:17:"0V41907475097483T";s:29:"PAYMENTINFO_0_TRANSACTIONTYPE";s:15:"expresscheckout";s:25:"PAYMENTINFO_0_PAYMENTTYPE";s:7:"instant";s:23:"PAYMENTINFO_0_ORDERTIME";s:20:"2015-07-30T15:27:50Z";s:17:"PAYMENTINFO_0_AMT";s:5:"20.00";s:20:"PAYMENTINFO_0_FEEAMT";s:4:"1.08";s:20:"PAYMENTINFO_0_TAXAMT";s:4:"0.00";s:26:"PAYMENTINFO_0_CURRENCYCODE";s:3:"USD";s:27:"PAYMENTINFO_0_PAYMENTSTATUS";s:7:"Pending";s:27:"PAYMENTINFO_0_PENDINGREASON";s:13:"paymentreview";s:24:"PAYMENTINFO_0_REASONCODE";s:4:"None";s:35:"PAYMENTINFO_0_PROTECTIONELIGIBILITY";s:10:"Ineligible";s:39:"PAYMENTINFO_0_PROTECTIONELIGIBILITYTYPE";s:4:"None";s:37:"PAYMENTINFO_0_SECUREMERCHANTACCOUNTID";s:13:"FQWD6ZYMK74S2";s:23:"PAYMENTINFO_0_ERRORCODE";s:1:"0";s:17:"PAYMENTINFO_0_ACK";s:7:"Success";}', '2015-07-30 18:24:26', '2015-07-30 18:27:51');

-- --------------------------------------------------------

--
-- Table structure for table `password_resets`
--

CREATE TABLE IF NOT EXISTS `password_resets` (
  `email` varchar(255) COLLATE utf8_unicode_ci NOT NULL,
  `token` varchar(255) COLLATE utf8_unicode_ci NOT NULL,
  `created_at` timestamp NOT NULL DEFAULT '0000-00-00 00:00:00',
  KEY `password_resets_email_index` (`email`),
  KEY `password_resets_token_index` (`token`)
) ENGINE=InnoDB DEFAULT CHARSET=utf8 COLLATE=utf8_unicode_ci;

-- --------------------------------------------------------

--
-- Table structure for table `permissions`
--

CREATE TABLE IF NOT EXISTS `permissions` (
  `id` int(10) unsigned NOT NULL AUTO_INCREMENT,
  `name` varchar(255) COLLATE utf8_unicode_ci NOT NULL,
  `slug` varchar(255) COLLATE utf8_unicode_ci NOT NULL,
  `description` text COLLATE utf8_unicode_ci,
  `created_at` timestamp NOT NULL DEFAULT '0000-00-00 00:00:00',
  `updated_at` timestamp NOT NULL DEFAULT '0000-00-00 00:00:00',
  PRIMARY KEY (`id`),
  UNIQUE KEY `permissions_slug_unique` (`slug`)
) ENGINE=InnoDB  DEFAULT CHARSET=utf8 COLLATE=utf8_unicode_ci AUTO_INCREMENT=39 ;

--
-- Dumping data for table `permissions`
--

INSERT INTO `permissions` (`id`, `name`, `slug`, `description`, `created_at`, `updated_at`) VALUES
(4, 'Index users', 'index_users', NULL, '2015-07-19 09:49:32', '2015-07-19 09:49:32'),
(5, 'Show users', 'show_users', NULL, '2015-07-19 09:49:32', '2015-07-19 09:49:32'),
(6, 'Create users', 'create_users', NULL, '2015-07-19 09:49:32', '2015-07-19 09:49:32'),
(7, 'Store users', 'store_users', NULL, '2015-07-19 09:49:32', '2015-07-19 09:49:32'),
(8, 'Edit users', 'edit_users', NULL, '2015-07-19 09:49:32', '2015-07-19 09:49:32'),
(9, 'Update users', 'update_users', NULL, '2015-07-19 09:49:32', '2015-07-19 09:49:32'),
(10, 'Destroy users', 'destroy_users', NULL, '2015-07-19 09:49:32', '2015-07-19 09:49:32'),
(11, 'Index inventories', 'index_inventories', NULL, '2015-07-19 09:49:32', '2015-07-19 09:49:32'),
(12, 'Show inventories', 'show_inventories', NULL, '2015-07-19 09:49:32', '2015-07-19 09:49:32'),
(13, 'Create inventories', 'create_inventories', NULL, '2015-07-19 09:49:32', '2015-07-19 09:49:32'),
(14, 'Store inventories', 'store_inventories', NULL, '2015-07-19 09:49:32', '2015-07-19 09:49:32'),
(15, 'Edit inventories', 'edit_inventories', NULL, '2015-07-19 09:49:32', '2015-07-19 09:49:32'),
(16, 'Update inventories', 'update_inventories', NULL, '2015-07-19 09:49:32', '2015-07-19 09:49:32'),
(17, 'Destroy inventories', 'destroy_inventories', NULL, '2015-07-19 09:49:32', '2015-07-19 09:49:32'),
(18, 'Index locations', 'index_locations', NULL, '2015-07-19 09:49:32', '2015-07-19 09:49:32'),
(19, 'Show locations', 'show_locations', NULL, '2015-07-19 09:49:32', '2015-07-19 09:49:32'),
(20, 'Create locations', 'create_locations', NULL, '2015-07-19 09:49:32', '2015-07-19 09:49:32'),
(21, 'Store locations', 'store_locations', NULL, '2015-07-19 09:49:32', '2015-07-19 09:49:32'),
(22, 'Edit locations', 'edit_locations', NULL, '2015-07-19 09:49:32', '2015-07-19 09:49:32'),
(23, 'Update locations', 'update_locations', NULL, '2015-07-19 09:49:32', '2015-07-19 09:49:32'),
(24, 'Destroy locations', 'destroy_locations', NULL, '2015-07-19 09:49:32', '2015-07-19 09:49:32'),
(25, 'Index metrics', 'index_metrics', NULL, '2015-07-19 09:49:32', '2015-07-19 09:49:32'),
(26, 'Show metrics', 'show_metrics', NULL, '2015-07-19 09:49:32', '2015-07-19 09:49:32'),
(27, 'Create metrics', 'create_metrics', NULL, '2015-07-19 09:49:32', '2015-07-19 09:49:32'),
(28, 'Store metrics', 'store_metrics', NULL, '2015-07-19 09:49:32', '2015-07-19 09:49:32'),
(29, 'Edit metrics', 'edit_metrics', NULL, '2015-07-19 09:49:32', '2015-07-19 09:49:32'),
(30, 'Update metrics', 'update_metrics', NULL, '2015-07-19 09:49:32', '2015-07-19 09:49:32'),
(31, 'Destroy metrics', 'destroy_metrics', NULL, '2015-07-19 09:49:32', '2015-07-19 09:49:32'),
(32, 'Index suppliers', 'index_suppliers', NULL, '2015-07-19 09:49:32', '2015-07-19 09:49:32'),
(33, 'Show suppliers', 'show_suppliers', NULL, '2015-07-19 09:49:32', '2015-07-19 09:49:32'),
(34, 'Create suppliers', 'create_suppliers', NULL, '2015-07-19 09:49:32', '2015-07-19 09:49:32'),
(35, 'Store suppliers', 'store_suppliers', NULL, '2015-07-19 09:49:32', '2015-07-19 09:49:32'),
(36, 'Edit suppliers', 'edit_suppliers', NULL, '2015-07-19 09:49:32', '2015-07-19 09:49:32'),
(37, 'Update suppliers', 'update_suppliers', NULL, '2015-07-19 09:49:32', '2015-07-19 09:49:32'),
(38, 'Destroy suppliers', 'destroy_suppliers', NULL, '2015-07-19 09:49:32', '2015-07-19 09:49:32');

-- --------------------------------------------------------

--
-- Table structure for table `permission_role`
--

CREATE TABLE IF NOT EXISTS `permission_role` (
  `id` int(10) unsigned NOT NULL AUTO_INCREMENT,
  `permission_id` int(10) unsigned NOT NULL,
  `role_id` int(10) unsigned NOT NULL,
  `created_at` timestamp NOT NULL DEFAULT '0000-00-00 00:00:00',
  `updated_at` timestamp NOT NULL DEFAULT '0000-00-00 00:00:00',
  PRIMARY KEY (`id`),
  KEY `permission_role_permission_id_index` (`permission_id`),
  KEY `permission_role_role_id_index` (`role_id`)
) ENGINE=InnoDB  DEFAULT CHARSET=utf8 COLLATE=utf8_unicode_ci AUTO_INCREMENT=125 ;

--
-- Dumping data for table `permission_role`
--

INSERT INTO `permission_role` (`id`, `permission_id`, `role_id`, `created_at`, `updated_at`) VALUES
(5, 5, 1, '2015-07-19 09:49:32', '2015-07-19 09:49:32'),
(48, 9, 1, '2015-07-19 10:17:06', '2015-07-19 10:17:06'),
(49, 6, 1, '2015-07-19 10:17:30', '2015-07-19 10:17:30'),
(51, 8, 1, '2015-07-19 10:17:30', '2015-07-19 10:17:30'),
(56, 4, 1, '2015-07-19 10:17:58', '2015-07-19 10:17:58'),
(60, 7, 1, '2015-07-19 10:19:50', '2015-07-19 10:19:50'),
(61, 10, 1, '2015-07-19 10:19:50', '2015-07-19 10:19:50'),
(62, 38, 1, '2015-07-19 10:19:50', '2015-07-19 10:19:50'),
(63, 5, 2, '2015-07-19 10:22:48', '2015-07-19 10:22:48'),
(64, 9, 2, '2015-07-19 10:22:48', '2015-07-19 10:22:48'),
(65, 13, 2, '2015-07-19 10:22:48', '2015-07-19 10:22:48'),
(66, 17, 2, '2015-07-19 10:22:48', '2015-07-19 10:22:48'),
(67, 4, 2, '2015-07-19 10:23:33', '2015-07-19 10:23:33'),
(68, 6, 2, '2015-07-19 10:23:33', '2015-07-19 10:23:33'),
(69, 7, 2, '2015-07-19 10:23:33', '2015-07-19 10:23:33'),
(70, 8, 2, '2015-07-19 10:23:33', '2015-07-19 10:23:33'),
(71, 10, 2, '2015-07-19 10:23:33', '2015-07-19 10:23:33'),
(72, 11, 2, '2015-07-19 10:23:33', '2015-07-19 10:23:33'),
(73, 12, 2, '2015-07-19 10:23:33', '2015-07-19 10:23:33'),
(74, 14, 2, '2015-07-19 10:23:33', '2015-07-19 10:23:33'),
(75, 15, 2, '2015-07-19 10:23:33', '2015-07-19 10:23:33'),
(76, 16, 2, '2015-07-19 10:23:33', '2015-07-19 10:23:33'),
(77, 18, 2, '2015-07-19 10:23:33', '2015-07-19 10:23:33'),
(78, 19, 2, '2015-07-19 10:23:33', '2015-07-19 10:23:33'),
(79, 20, 2, '2015-07-19 10:23:33', '2015-07-19 10:23:33'),
(80, 21, 2, '2015-07-19 10:23:33', '2015-07-19 10:23:33'),
(81, 22, 2, '2015-07-19 10:23:33', '2015-07-19 10:23:33'),
(82, 23, 2, '2015-07-19 10:23:33', '2015-07-19 10:23:33'),
(83, 24, 2, '2015-07-19 10:23:33', '2015-07-19 10:23:33'),
(84, 25, 2, '2015-07-19 10:23:33', '2015-07-19 10:23:33'),
(85, 26, 2, '2015-07-19 10:23:33', '2015-07-19 10:23:33'),
(86, 27, 2, '2015-07-19 10:23:33', '2015-07-19 10:23:33'),
(87, 28, 2, '2015-07-19 10:23:33', '2015-07-19 10:23:33'),
(88, 29, 2, '2015-07-19 10:23:33', '2015-07-19 10:23:33'),
(89, 30, 2, '2015-07-19 10:23:33', '2015-07-19 10:23:33'),
(90, 31, 2, '2015-07-19 10:23:33', '2015-07-19 10:23:33'),
(91, 32, 2, '2015-07-19 10:23:33', '2015-07-19 10:23:33'),
(92, 33, 2, '2015-07-19 10:23:33', '2015-07-19 10:23:33'),
(93, 34, 2, '2015-07-19 10:23:33', '2015-07-19 10:23:33'),
(94, 35, 2, '2015-07-19 10:23:33', '2015-07-19 10:23:33'),
(95, 36, 2, '2015-07-19 10:23:33', '2015-07-19 10:23:33'),
(96, 37, 2, '2015-07-19 10:23:33', '2015-07-19 10:23:33'),
(97, 38, 2, '2015-07-19 10:23:33', '2015-07-19 10:23:33'),
(98, 11, 1, '2015-07-19 10:23:59', '2015-07-19 10:23:59'),
(99, 12, 1, '2015-07-19 10:23:59', '2015-07-19 10:23:59'),
(100, 13, 1, '2015-07-19 10:23:59', '2015-07-19 10:23:59'),
(101, 14, 1, '2015-07-19 10:23:59', '2015-07-19 10:23:59'),
(102, 15, 1, '2015-07-19 10:23:59', '2015-07-19 10:23:59'),
(103, 16, 1, '2015-07-19 10:23:59', '2015-07-19 10:23:59'),
(104, 17, 1, '2015-07-19 10:23:59', '2015-07-19 10:23:59'),
(105, 18, 1, '2015-07-19 10:23:59', '2015-07-19 10:23:59'),
(106, 19, 1, '2015-07-19 10:23:59', '2015-07-19 10:23:59'),
(107, 20, 1, '2015-07-19 10:23:59', '2015-07-19 10:23:59'),
(108, 21, 1, '2015-07-19 10:23:59', '2015-07-19 10:23:59'),
(109, 22, 1, '2015-07-19 10:23:59', '2015-07-19 10:23:59'),
(110, 23, 1, '2015-07-19 10:23:59', '2015-07-19 10:23:59'),
(111, 24, 1, '2015-07-19 10:23:59', '2015-07-19 10:23:59'),
(112, 25, 1, '2015-07-19 10:23:59', '2015-07-19 10:23:59'),
(113, 26, 1, '2015-07-19 10:23:59', '2015-07-19 10:23:59'),
(114, 27, 1, '2015-07-19 10:23:59', '2015-07-19 10:23:59'),
(115, 28, 1, '2015-07-19 10:23:59', '2015-07-19 10:23:59'),
(116, 29, 1, '2015-07-19 10:23:59', '2015-07-19 10:23:59'),
(117, 30, 1, '2015-07-19 10:23:59', '2015-07-19 10:23:59'),
(118, 31, 1, '2015-07-19 10:23:59', '2015-07-19 10:23:59'),
(119, 32, 1, '2015-07-19 10:23:59', '2015-07-19 10:23:59'),
(120, 33, 1, '2015-07-19 10:23:59', '2015-07-19 10:23:59'),
(121, 34, 1, '2015-07-19 10:23:59', '2015-07-19 10:23:59'),
(122, 35, 1, '2015-07-19 10:23:59', '2015-07-19 10:23:59'),
(123, 36, 1, '2015-07-19 10:23:59', '2015-07-19 10:23:59'),
(124, 37, 1, '2015-07-19 10:23:59', '2015-07-19 10:23:59');

-- --------------------------------------------------------

--
-- Table structure for table `roles`
--

CREATE TABLE IF NOT EXISTS `roles` (
  `id` int(10) unsigned NOT NULL AUTO_INCREMENT,
  `name` varchar(255) COLLATE utf8_unicode_ci NOT NULL,
  `slug` varchar(255) COLLATE utf8_unicode_ci NOT NULL,
  `description` text COLLATE utf8_unicode_ci,
  `created_at` timestamp NOT NULL DEFAULT '0000-00-00 00:00:00',
  `updated_at` timestamp NOT NULL DEFAULT '0000-00-00 00:00:00',
  PRIMARY KEY (`id`),
  UNIQUE KEY `roles_name_unique` (`name`),
  UNIQUE KEY `roles_slug_unique` (`slug`)
) ENGINE=InnoDB  DEFAULT CHARSET=utf8 COLLATE=utf8_unicode_ci AUTO_INCREMENT=3 ;

--
-- Dumping data for table `roles`
--

INSERT INTO `roles` (`id`, `name`, `slug`, `description`, `created_at`, `updated_at`) VALUES
(1, 'Administator1g', 'administator1g', 'dfgdfgdfg', '0000-00-00 00:00:00', '2015-07-19 10:08:41'),
(2, 'Test', 'taa', 'sadasd', '2015-07-19 10:22:48', '2015-07-19 10:22:48');

-- --------------------------------------------------------

--
-- Table structure for table `role_user`
--

CREATE TABLE IF NOT EXISTS `role_user` (
  `id` int(10) unsigned NOT NULL AUTO_INCREMENT,
  `role_id` int(10) unsigned NOT NULL,
  `user_id` int(10) unsigned NOT NULL,
  `created_at` timestamp NOT NULL DEFAULT '0000-00-00 00:00:00',
  `updated_at` timestamp NOT NULL DEFAULT '0000-00-00 00:00:00',
  PRIMARY KEY (`id`),
  KEY `role_user_role_id_index` (`role_id`),
  KEY `role_user_user_id_index` (`user_id`)
) ENGINE=InnoDB  DEFAULT CHARSET=utf8 COLLATE=utf8_unicode_ci AUTO_INCREMENT=59 ;

--
-- Dumping data for table `role_user`
--

INSERT INTO `role_user` (`id`, `role_id`, `user_id`, `created_at`, `updated_at`) VALUES
(1, 1, 1, '0000-00-00 00:00:00', '0000-00-00 00:00:00'),
(7, 2, 10, '2015-07-21 15:11:08', '2015-07-21 15:11:08'),
(23, 2, 10, '2015-07-22 05:36:25', '2015-07-22 05:36:25'),
(24, 2, 10, '2015-07-22 05:36:44', '2015-07-22 05:36:44'),
(25, 2, 10, '2015-07-22 05:37:03', '2015-07-22 05:37:03'),
(26, 2, 10, '2015-07-22 05:40:03', '2015-07-22 05:40:03'),
(27, 1, 1, '2015-07-22 05:41:38', '2015-07-22 05:41:38'),
(28, 1, 1, '2015-07-22 05:42:20', '2015-07-22 05:42:20'),
(29, 1, 1, '2015-07-22 05:43:42', '2015-07-22 05:43:42'),
(30, 2, 10, '2015-07-22 05:54:20', '2015-07-22 05:54:20'),
(31, 2, 10, '2015-07-22 05:54:48', '2015-07-22 05:54:48'),
(32, 1, 1, '2015-07-22 05:55:17', '2015-07-22 05:55:17'),
(33, 1, 1, '2015-07-22 05:58:12', '2015-07-22 05:58:12'),
(34, 1, 1, '2015-07-22 05:58:29', '2015-07-22 05:58:29'),
(35, 1, 1, '2015-07-22 06:01:20', '2015-07-22 06:01:20'),
(36, 1, 1, '2015-07-22 06:01:41', '2015-07-22 06:01:41'),
(37, 1, 1, '2015-07-22 06:02:02', '2015-07-22 06:02:02'),
(38, 1, 1, '2015-07-22 06:03:03', '2015-07-22 06:03:03'),
(39, 1, 1, '2015-07-22 06:52:01', '2015-07-22 06:52:01'),
(40, 2, 11, '2015-07-22 10:14:52', '2015-07-22 10:14:52'),
(41, 2, 11, '2015-07-22 11:16:50', '2015-07-22 11:16:50'),
(42, 2, 11, '2015-07-22 11:17:06', '2015-07-22 11:17:06'),
(43, 2, 11, '2015-07-22 11:19:11', '2015-07-22 11:19:11'),
(44, 2, 13, '2015-07-22 13:51:05', '2015-07-22 13:51:05'),
(45, 2, 14, '2015-07-22 14:04:58', '2015-07-22 14:04:58'),
(46, 2, 14, '2015-07-22 14:14:38', '2015-07-22 14:14:38'),
(47, 2, 14, '2015-07-22 14:27:49', '2015-07-22 14:27:49'),
(48, 2, 14, '2015-07-22 14:36:36', '2015-07-22 14:36:36'),
(49, 2, 15, '2015-07-22 14:44:53', '2015-07-22 14:44:53'),
(50, 2, 15, '2015-07-22 14:55:35', '2015-07-22 14:55:35'),
(51, 2, 14, '2015-07-22 15:20:25', '2015-07-22 15:20:25'),
(52, 2, 15, '2015-07-22 15:29:04', '2015-07-22 15:29:04'),
(53, 2, 15, '2015-07-22 15:30:33', '2015-07-22 15:30:33'),
(54, 2, 15, '2015-07-22 15:32:40', '2015-07-22 15:32:40'),
(55, 2, 16, '2015-07-22 15:34:39', '2015-07-22 15:34:39'),
(56, 2, 16, '2015-07-22 15:36:06', '2015-07-22 15:36:06'),
(57, 2, 16, '2015-07-22 15:36:31', '2015-07-22 15:36:31'),
(58, 2, 16, '2015-07-22 15:44:19', '2015-07-22 15:44:19');

-- --------------------------------------------------------

--
-- Table structure for table `sessions`
--

CREATE TABLE IF NOT EXISTS `sessions` (
  `id` varchar(255) COLLATE utf8_unicode_ci NOT NULL,
  `payload` text COLLATE utf8_unicode_ci NOT NULL,
  `last_activity` int(11) NOT NULL,
  UNIQUE KEY `sessions_id_unique` (`id`)
) ENGINE=InnoDB DEFAULT CHARSET=utf8 COLLATE=utf8_unicode_ci;

-- --------------------------------------------------------

--
-- Table structure for table `suppliers`
--

CREATE TABLE IF NOT EXISTS `suppliers` (
  `id` int(10) unsigned NOT NULL AUTO_INCREMENT,
  `created_at` timestamp NOT NULL DEFAULT '0000-00-00 00:00:00',
  `updated_at` timestamp NOT NULL DEFAULT '0000-00-00 00:00:00',
  `name` varchar(255) COLLATE utf8_unicode_ci NOT NULL,
  `address` varchar(255) COLLATE utf8_unicode_ci DEFAULT NULL,
  `postal_code` varchar(255) COLLATE utf8_unicode_ci DEFAULT NULL,
  `zip_code` varchar(255) COLLATE utf8_unicode_ci DEFAULT NULL,
  `region` varchar(255) COLLATE utf8_unicode_ci DEFAULT NULL,
  `city` varchar(255) COLLATE utf8_unicode_ci DEFAULT NULL,
  `country` varchar(255) COLLATE utf8_unicode_ci DEFAULT NULL,
  `contact_title` varchar(255) COLLATE utf8_unicode_ci DEFAULT NULL,
  `contact_name` varchar(255) COLLATE utf8_unicode_ci DEFAULT NULL,
  `contact_phone` varchar(255) COLLATE utf8_unicode_ci DEFAULT NULL,
  `contact_fax` varchar(255) COLLATE utf8_unicode_ci DEFAULT NULL,
  `contact_email` varchar(255) COLLATE utf8_unicode_ci DEFAULT NULL,
  PRIMARY KEY (`id`)
) ENGINE=InnoDB DEFAULT CHARSET=utf8 COLLATE=utf8_unicode_ci AUTO_INCREMENT=1 ;

-- --------------------------------------------------------

--
-- Table structure for table `users`
--

CREATE TABLE IF NOT EXISTS `users` (
  `id` int(10) unsigned NOT NULL AUTO_INCREMENT,
  `name` varchar(255) COLLATE utf8_unicode_ci NOT NULL,
  `email` varchar(255) COLLATE utf8_unicode_ci NOT NULL,
  `password` varchar(60) COLLATE utf8_unicode_ci NOT NULL,
  `remember_token` varchar(100) COLLATE utf8_unicode_ci DEFAULT NULL,
  `created_at` timestamp NOT NULL DEFAULT '0000-00-00 00:00:00',
  `updated_at` timestamp NOT NULL DEFAULT '0000-00-00 00:00:00',
  PRIMARY KEY (`id`),
  UNIQUE KEY `users_email_unique` (`email`)
) ENGINE=InnoDB  DEFAULT CHARSET=utf8 COLLATE=utf8_unicode_ci AUTO_INCREMENT=17 ;

--
-- Dumping data for table `users`
--

INSERT INTO `users` (`id`, `name`, `email`, `password`, `remember_token`, `created_at`, `updated_at`) VALUES
(1, 'Admin User', 'admin@admin.com', '$2y$10$mNEPBLJ0mKFlZBIo9CvOBesdJNyPyrYDYW3LHSFszjqxXnJ2jDky6', 'Q4Yj9GH8C9fchcJuhHt3BPr5Zd58mO2dQagFUPsdLRrOP8VOoDuBWw2BhqP6', '2015-07-19 10:55:00', '2015-07-30 11:46:39'),
(10, 'amit', 'pnm@test.com', '$2y$10$xUo48FoBqHTtbDB0i3OFi.Id3Pj4zEXGnu8FClPr6nebVLVbZTYxa', NULL, '2015-07-21 15:11:07', '2015-07-22 05:54:48'),
(11, 'amit', 'kinnu@gmail.com', '$2y$10$023E8fRwqFELLUO/sFoV0uCL8VDE5IVG8l4yfTLHR8kn/pbCONjES', NULL, '2015-07-22 10:14:51', '2015-07-22 11:19:11'),
(12, 'dsfdsf', 'pnfdsfm@test.com', '$2y$10$ABZgeZiTZHq/UiOsWjlf.ex8KoA8UzG8McZAUnc5PIUsnOLJ3qUSi', NULL, '2015-07-22 13:49:14', '2015-07-22 13:49:14'),
(13, 'dsfdsf', 'pnfdsfm2@test.com', '$2y$10$k829f5YQZN6MVoWcNM4EieZiBGQZxt4mocZI.4GEwde.FxskGz37K', NULL, '2015-07-22 13:51:05', '2015-07-22 14:38:35'),
(14, 'sdad', 'asddmin@admin.com', '$2y$10$ZURc5r2nK87jFVQnBOO.ue2MWOM7se.i4Z2CZLEYuTtLNxK5ZA5Wu', NULL, '2015-07-22 14:04:58', '2015-07-22 15:20:25'),
(15, 'dsadsa', 'pnwwwm@test.com', '$2y$10$606.BP1eGEnGrLxawoolbeE8CgapRFNRXZgqmlGcV5RI8RBprCYs6', NULL, '2015-07-22 14:41:58', '2015-07-22 15:32:40'),
(16, 'amit', 'sdsads@test.com', '$2y$10$smc2iTb6IDd6lUz.TtCBMuGLh6hxBISFPmsqEIWybwakZRWro.Jwy', NULL, '2015-07-22 15:34:39', '2015-07-22 15:44:19');

--
-- Constraints for dumped tables
--

--
-- Constraints for table `copoun_codes`
--
ALTER TABLE `copoun_codes`
  ADD CONSTRAINT `copoun_codes_ibfk_1` FOREIGN KEY (`copoun_id`) REFERENCES `copouns` (`id`);

--
-- Constraints for table `inventories`
--
ALTER TABLE `inventories`
  ADD CONSTRAINT `inventories_category_id_foreign` FOREIGN KEY (`category_id`) REFERENCES `categories` (`id`) ON DELETE SET NULL,
  ADD CONSTRAINT `inventories_metric_id_foreign` FOREIGN KEY (`metric_id`) REFERENCES `metrics` (`id`) ON DELETE CASCADE,
  ADD CONSTRAINT `inventories_parent_id_foreign` FOREIGN KEY (`parent_id`) REFERENCES `inventories` (`id`) ON DELETE CASCADE,
  ADD CONSTRAINT `inventories_user_id_foreign` FOREIGN KEY (`user_id`) REFERENCES `users` (`id`) ON DELETE SET NULL;

--
-- Constraints for table `inventory_assemblies`
--
ALTER TABLE `inventory_assemblies`
  ADD CONSTRAINT `inventory_assemblies_inventory_id_foreign` FOREIGN KEY (`inventory_id`) REFERENCES `inventories` (`id`) ON DELETE CASCADE,
  ADD CONSTRAINT `inventory_assemblies_part_id_foreign` FOREIGN KEY (`part_id`) REFERENCES `inventories` (`id`) ON DELETE CASCADE;

--
-- Constraints for table `inventory_bulk_transaction`
--
ALTER TABLE `inventory_bulk_transaction`
  ADD CONSTRAINT `inventory_bulk_transaction_transaction_id_foreign` FOREIGN KEY (`transaction_id`) REFERENCES `inventory_transactions` (`id`);

--
-- Constraints for table `inventory_move_location`
--
ALTER TABLE `inventory_move_location`
  ADD CONSTRAINT `inventory_move_location_stock_id_foreign` FOREIGN KEY (`stock_id`) REFERENCES `inventory_stocks` (`id`) ON DELETE CASCADE,
  ADD CONSTRAINT `inventory_move_location_user_id_foreign` FOREIGN KEY (`user_id`) REFERENCES `users` (`id`) ON DELETE SET NULL;

--
-- Constraints for table `inventory_skus`
--
ALTER TABLE `inventory_skus`
  ADD CONSTRAINT `inventory_skus_inventory_id_foreign` FOREIGN KEY (`inventory_id`) REFERENCES `inventories` (`id`) ON DELETE CASCADE;

--
-- Constraints for table `inventory_stocks`
--
ALTER TABLE `inventory_stocks`
  ADD CONSTRAINT `inventory_stocks_inventory_id_foreign` FOREIGN KEY (`inventory_id`) REFERENCES `inventories` (`id`) ON DELETE CASCADE,
  ADD CONSTRAINT `inventory_stocks_location_id_foreign` FOREIGN KEY (`location_id`) REFERENCES `locations` (`id`) ON DELETE CASCADE,
  ADD CONSTRAINT `inventory_stocks_user_id_foreign` FOREIGN KEY (`user_id`) REFERENCES `users` (`id`) ON DELETE SET NULL;

--
-- Constraints for table `inventory_stock_movements`
--
ALTER TABLE `inventory_stock_movements`
  ADD CONSTRAINT `inventory_stock_movements_stock_id_foreign` FOREIGN KEY (`stock_id`) REFERENCES `inventory_stocks` (`id`) ON DELETE CASCADE,
  ADD CONSTRAINT `inventory_stock_movements_user_id_foreign` FOREIGN KEY (`user_id`) REFERENCES `users` (`id`) ON DELETE SET NULL;

--
-- Constraints for table `inventory_suppliers`
--
ALTER TABLE `inventory_suppliers`
  ADD CONSTRAINT `inventory_suppliers_inventory_id_foreign` FOREIGN KEY (`inventory_id`) REFERENCES `inventories` (`id`) ON DELETE CASCADE,
  ADD CONSTRAINT `inventory_suppliers_supplier_id_foreign` FOREIGN KEY (`supplier_id`) REFERENCES `suppliers` (`id`) ON DELETE CASCADE;

--
-- Constraints for table `inventory_transactions`
--
ALTER TABLE `inventory_transactions`
  ADD CONSTRAINT `inventory_transactions_stock_id_foreign` FOREIGN KEY (`stock_id`) REFERENCES `inventory_stocks` (`id`) ON DELETE CASCADE,
  ADD CONSTRAINT `inventory_transactions_user_id_foreign` FOREIGN KEY (`user_id`) REFERENCES `users` (`id`) ON DELETE SET NULL;

--
-- Constraints for table `inventory_transaction_histories`
--
ALTER TABLE `inventory_transaction_histories`
  ADD CONSTRAINT `inventory_transaction_histories_transaction_id_foreign` FOREIGN KEY (`transaction_id`) REFERENCES `inventory_transactions` (`id`) ON DELETE CASCADE,
  ADD CONSTRAINT `inventory_transaction_histories_user_id_foreign` FOREIGN KEY (`user_id`) REFERENCES `users` (`id`) ON DELETE SET NULL;

--
-- Constraints for table `kit_inventory_map`
--
ALTER TABLE `kit_inventory_map`
  ADD CONSTRAINT `kit_inventory_map_created_by_foreign` FOREIGN KEY (`created_by`) REFERENCES `users` (`id`),
  ADD CONSTRAINT `kit_inventory_map_inventory_id_foreign` FOREIGN KEY (`inventory_id`) REFERENCES `inventories` (`id`);

--
-- Constraints for table `kit_stock_map`
--
ALTER TABLE `kit_stock_map`
  ADD CONSTRAINT `kit_stock_map_created_by_foreign` FOREIGN KEY (`created_by`) REFERENCES `users` (`id`),
  ADD CONSTRAINT `kit_stock_map_stock_id_foreign` FOREIGN KEY (`stock_id`) REFERENCES `inventory_stocks` (`id`);

--
-- Constraints for table `metrics`
--
ALTER TABLE `metrics`
  ADD CONSTRAINT `metrics_user_id_foreign` FOREIGN KEY (`user_id`) REFERENCES `users` (`id`) ON DELETE CASCADE;

--
-- Constraints for table `permission_role`
--
ALTER TABLE `permission_role`
  ADD CONSTRAINT `permission_role_permission_id_foreign` FOREIGN KEY (`permission_id`) REFERENCES `permissions` (`id`) ON DELETE CASCADE,
  ADD CONSTRAINT `permission_role_role_id_foreign` FOREIGN KEY (`role_id`) REFERENCES `roles` (`id`) ON DELETE CASCADE;

--
-- Constraints for table `role_user`
--
ALTER TABLE `role_user`
  ADD CONSTRAINT `role_user_role_id_foreign` FOREIGN KEY (`role_id`) REFERENCES `roles` (`id`) ON DELETE CASCADE,
  ADD CONSTRAINT `role_user_user_id_foreign` FOREIGN KEY (`user_id`) REFERENCES `users` (`id`) ON DELETE CASCADE;

/*!40101 SET CHARACTER_SET_CLIENT=@OLD_CHARACTER_SET_CLIENT */;
/*!40101 SET CHARACTER_SET_RESULTS=@OLD_CHARACTER_SET_RESULTS */;
/*!40101 SET COLLATION_CONNECTION=@OLD_COLLATION_CONNECTION */;
